,Min,Max
10_FORMYL_THF_pc_Close,0.0,0.0
10_FORMYL_THF_pc_Day,0.0,0.0
10_FORMYL_THF_pc_Night,0.0,0.0
10_FORMYL_THF_pc_Open,0.0,0.0
1TRANSKETO_RXN_p_Close,-0.0714216537594672,-0.07142165378115806
1TRANSKETO_RXN_p_Day,1.1782061718154073,1.1782061718139865
1TRANSKETO_RXN_p_Night,-1.4368512214773546,-1.436851221546135
1TRANSKETO_RXN_p_Open,0.07364377915228866,0.07364377915143971
1_PERIOD_10_PERIOD_2_PERIOD_2_RXN_mc_Close,0.0,1.0541585258682789
1_PERIOD_10_PERIOD_2_PERIOD_2_RXN_mc_Day,0.0,6.85537175838482
1_PERIOD_10_PERIOD_2_PERIOD_2_RXN_mc_Night,0.0,9.452968562820097
1_PERIOD_10_PERIOD_2_PERIOD_2_RXN_mc_Open,0.0,0.8240108513882013
1_PERIOD_10_PERIOD_2_PERIOD_2_RXN_mi_Close,0.0,1.0541585258669879
1_PERIOD_10_PERIOD_2_PERIOD_2_RXN_mi_Day,0.0,6.855371758389337
1_PERIOD_10_PERIOD_2_PERIOD_2_RXN_mi_Night,0.0,9.452968562800498
1_PERIOD_10_PERIOD_2_PERIOD_2_RXN_mi_Open,0.0,0.8240108514013639
1_PERIOD_18_PERIOD_1_PERIOD_2_RXN_p_Close,0.0,0.0
1_PERIOD_18_PERIOD_1_PERIOD_2_RXN_p_Day,23.99448251683899,24.43630983111389
1_PERIOD_18_PERIOD_1_PERIOD_2_RXN_p_Night,0.0,0.0
1_PERIOD_18_PERIOD_1_PERIOD_2_RXN_p_Open,2.1938662947252237,2.2214827119194442
1_PERIOD_1_PERDIOD_1_PERIOD_255_RXN_c_Close,0.0,0.0
1_PERIOD_1_PERDIOD_1_PERIOD_255_RXN_c_Day,0.0,0.0
1_PERIOD_1_PERDIOD_1_PERIOD_255_RXN_c_Night,0.0,0.0
1_PERIOD_1_PERDIOD_1_PERIOD_255_RXN_c_Open,0.0,0.0
1_PERIOD_2_PERIOD_1_PERIOD_13_RXN_p_Close,0.0,0.0
1_PERIOD_2_PERIOD_1_PERIOD_13_RXN_p_Day,0.0,20.93240948383961
1_PERIOD_2_PERIOD_1_PERIOD_13_RXN_p_Night,0.0,0.0
1_PERIOD_2_PERIOD_1_PERIOD_13_RXN_p_Open,0.0,1.902946316695066
1_PERIOD_2_PERIOD_1_PERIOD_2_RXN_m_Close,0.0,0.0
1_PERIOD_2_PERIOD_1_PERIOD_2_RXN_m_Day,0.0,0.0
1_PERIOD_2_PERIOD_1_PERIOD_2_RXN_m_Night,0.0,1.0100749065984172e-10
1_PERIOD_2_PERIOD_1_PERIOD_2_RXN_m_Open,0.0,0.0
1_PERIOD_2_PERIOD_1_PERIOD_2_RXN_p_Close,0.0,0.0
1_PERIOD_2_PERIOD_1_PERIOD_2_RXN_p_Day,0.0,0.0
1_PERIOD_2_PERIOD_1_PERIOD_2_RXN_p_Night,0.0,0.0
1_PERIOD_2_PERIOD_1_PERIOD_2_RXN_p_Open,0.0,0.0
1_PERIOD_2_PERIOD_1_PERIOD_9_RXN_c_Close,0.0,0.0
1_PERIOD_2_PERIOD_1_PERIOD_9_RXN_c_Day,0.0,7.007800694541226
1_PERIOD_2_PERIOD_1_PERIOD_9_RXN_c_Night,0.0,0.0
1_PERIOD_2_PERIOD_1_PERIOD_9_RXN_c_Open,0.0,0.6370727903793605
1_PERIOD_5_PERIOD_1_PERIOD_20_RXN_c_Close,0.0,0.0
1_PERIOD_5_PERIOD_1_PERIOD_20_RXN_c_Day,0.0,0.0
1_PERIOD_5_PERIOD_1_PERIOD_20_RXN_c_Night,0.0,0.0
1_PERIOD_5_PERIOD_1_PERIOD_20_RXN_c_Open,0.0,0.0
1_PERIOD_8_PERIOD_4_PERIOD_9_RXN_p_Close,0.0,0.0
1_PERIOD_8_PERIOD_4_PERIOD_9_RXN_p_Day,0.0,0.0
1_PERIOD_8_PERIOD_4_PERIOD_9_RXN_p_Night,0.0,0.0
1_PERIOD_8_PERIOD_4_PERIOD_9_RXN_p_Open,0.0,0.0
1_PERIOD_8_PERIOD_5_PERIOD_1_RXN_p_Close,0.0,0.0
1_PERIOD_8_PERIOD_5_PERIOD_1_RXN_p_Day,0.0,0.0
1_PERIOD_8_PERIOD_5_PERIOD_1_RXN_p_Night,0.0,0.0
1_PERIOD_8_PERIOD_5_PERIOD_1_RXN_p_Open,0.0,0.0
2KG_ACONITATE_mc_Close,-1000.0,1000.0
2KG_ACONITATE_mc_Day,-1000.0,1000.0
2KG_ACONITATE_mc_Night,-1000.0,1000.0
2KG_ACONITATE_mc_Open,-1000.0,1000.0
2KG_CIT_mc_Close,-1000.0,1000.0
2KG_CIT_mc_Day,-1000.0,1000.0
2KG_CIT_mc_Night,-1000.0,1000.0
2KG_CIT_mc_Open,-1000.0,1000.0
2KG_ISOCITRATE_mc_Close,-1000.0,1000.0
2KG_ISOCITRATE_mc_Day,-1000.0,1000.0
2KG_ISOCITRATE_mc_Night,-1000.0,1000.0
2KG_ISOCITRATE_mc_Open,-1000.0,1000.0
2KG_MAL_mc_Close,-1000.0,1000.0
2KG_MAL_mc_Day,-1000.0,1000.0
2KG_MAL_mc_Night,-1000.0,1000.0
2KG_MAL_mc_Open,-1000.0,1000.0
2KG_MAL_pc_Close,-0.2635396314742539,0.0
2KG_MAL_pc_Day,-0.4418273144789282,-0.44182731442982054
2KG_MAL_pc_Night,0.0,0.0
2KG_MAL_pc_Open,-0.02761641715378352,-0.027616417186322906
2KG_OAA_mc_Close,-1000.0,1000.0
2KG_OAA_mc_Day,-1000.0,1000.0
2KG_OAA_mc_Night,-1000.0,1000.0
2KG_OAA_mc_Open,-1000.0,1000.0
2KG_SUC_mc_Close,-1000.0,1000.0
2KG_SUC_mc_Day,-1000.0,1000.0
2KG_SUC_mc_Night,-1000.0,1000.0
2KG_SUC_mc_Open,-1000.0,1000.0
2OXOGLUTARATEDEH_RXN_m_Close,0.26353963146596016,0.2635396314608986
2OXOGLUTARATEDEH_RXN_m_Day,0.0,0.0
2OXOGLUTARATEDEH_RXN_m_Night,1.890593712553084,1.8905937125599621
2OXOGLUTARATEDEH_RXN_m_Open,0.0,0.0
2PGADEHYDRAT_RXN_c_Close,-1000.0000000000001,999.8885396314517
2PGADEHYDRAT_RXN_c_Day,-1000.000000000009,1000.0
2PGADEHYDRAT_RXN_c_Night,-998.1094062876437,1000.0
2PGADEHYDRAT_RXN_c_Open,-999.625000000025,1000.0
2PGADEHYDRAT_RXN_p_Close,-1000.0,999.8885396314685
2PGADEHYDRAT_RXN_p_Day,-1000.0000000000001,1000.0000000000032
2PGADEHYDRAT_RXN_p_Night,-998.1094062875451,1000.0
2PGADEHYDRAT_RXN_p_Open,-999.6249999999839,1000.0
2TRANSKETO_RXN_p_Close,0.07142165377214739,0.07142165376958902
2TRANSKETO_RXN_p_Day,-1.1782061718106114,-1.1782061718150587
2TRANSKETO_RXN_p_Night,1.436851221553468,1.4368512215434313
2TRANSKETO_RXN_p_Open,-0.0736437791506147,-0.07364377915106503
2_ISOPROPYLMALATESYN_RXN_p_Close,0.0,0.0
2_ISOPROPYLMALATESYN_RXN_p_Day,0.0,0.0
2_ISOPROPYLMALATESYN_RXN_p_Night,0.0,0.0
2_ISOPROPYLMALATESYN_RXN_p_Open,0.0,0.0
2_KETOGLUTARATE_xc_Close,-1000.0,1000.0
2_KETOGLUTARATE_xc_Day,-999.1163453711343,1000.0
2_KETOGLUTARATE_xc_Night,-1000.0,1000.0000000000002
2_KETOGLUTARATE_xc_Open,-999.9447671656479,1000.0
2_PERIOD_3_PERIOD_1_PERIOD_180_RXN_p_Close,0.0,0.0
2_PERIOD_3_PERIOD_1_PERIOD_180_RXN_p_Day,0.0,0.0
2_PERIOD_3_PERIOD_1_PERIOD_180_RXN_p_Night,0.0,0.0
2_PERIOD_3_PERIOD_1_PERIOD_180_RXN_p_Open,0.0,0.0
2_PERIOD_4_PERIOD_1_PERIOD_111_RXN_c_Close,0.0,0.0
2_PERIOD_4_PERIOD_1_PERIOD_111_RXN_c_Day,0.0,0.0
2_PERIOD_4_PERIOD_1_PERIOD_111_RXN_c_Night,0.0,0.0
2_PERIOD_4_PERIOD_1_PERIOD_111_RXN_c_Open,0.0,0.0
2_PERIOD_5_PERIOD_1_PERIOD_19_RXN_p_Close,0.0,0.0
2_PERIOD_5_PERIOD_1_PERIOD_19_RXN_p_Day,0.0,0.0
2_PERIOD_5_PERIOD_1_PERIOD_19_RXN_p_Night,0.0,0.0
2_PERIOD_5_PERIOD_1_PERIOD_19_RXN_p_Open,0.0,0.0
2_PERIOD_7_PERIOD_1_PERIOD_90_RXN_c_Close,-0.09144101116719945,0.0
2_PERIOD_7_PERIOD_1_PERIOD_90_RXN_c_Day,-2.7246017723365723,-0.7199999999776829
2_PERIOD_7_PERIOD_1_PERIOD_90_RXN_c_Night,0.0,0.22687124550282967
2_PERIOD_7_PERIOD_1_PERIOD_90_RXN_c_Open,0.0,0.01719876072614654
2_PERIOD_7_PERIOD_7_PERIOD_13_RXN_c_Close,0.0,0.0
2_PERIOD_7_PERIOD_7_PERIOD_13_RXN_c_Day,0.0,0.0
2_PERIOD_7_PERIOD_7_PERIOD_13_RXN_c_Night,0.0,0.2268712455079036
2_PERIOD_7_PERIOD_7_PERIOD_13_RXN_c_Open,0.0,0.01719876072166163
2_PERIOD_7_PERIOD_7_PERIOD_34_RXN_c_Close,0.0,0.0
2_PERIOD_7_PERIOD_7_PERIOD_34_RXN_c_Day,0.0,0.0
2_PERIOD_7_PERIOD_7_PERIOD_34_RXN_c_Night,0.0,0.22687124550675938
2_PERIOD_7_PERIOD_7_PERIOD_34_RXN_c_Open,0.0,0.017198760720127604
2_PERIOD_7_PERIOD_7_PERIOD_44_RXN_c_Close,0.0,0.0
2_PERIOD_7_PERIOD_7_PERIOD_44_RXN_c_Day,0.0,0.0
2_PERIOD_7_PERIOD_7_PERIOD_44_RXN_c_Night,0.0,0.0
2_PERIOD_7_PERIOD_7_PERIOD_44_RXN_c_Open,0.0,0.0
3PGAREARR_RXN_c_Close,-1000.0,999.8885396314382
3PGAREARR_RXN_c_Day,-1000.0,999.9999999999965
3PGAREARR_RXN_c_Night,-998.1094062875201,1000.0
3PGAREARR_RXN_c_Open,-999.6250000000023,1000.0
3PGAREARR_RXN_p_Close,-1000.0000000000201,999.8885396314671
3PGAREARR_RXN_p_Day,-1000.0000000001002,1000.000000000021
3PGAREARR_RXN_p_Night,-998.1094062874937,1000.0
3PGAREARR_RXN_p_Open,-999.6249999999902,1000.0
3PGA_Pi_pc_Close,-1000.0,1000.0
3PGA_Pi_pc_Day,-1000.0,1000.0
3PGA_Pi_pc_Night,-1000.0,1000.0
3PGA_Pi_pc_Open,-1000.0,1000.0
3_DEHYDROQUINATE_DEHYDRATASE_RXN_p_Close,0.0,0.0
3_DEHYDROQUINATE_DEHYDRATASE_RXN_p_Day,0.0,0.0
3_DEHYDROQUINATE_DEHYDRATASE_RXN_p_Night,0.0,0.0
3_DEHYDROQUINATE_DEHYDRATASE_RXN_p_Open,0.0,0.0
3_DEHYDROQUINATE_SYNTHASE_RXN_p_Close,0.0,0.0
3_DEHYDROQUINATE_SYNTHASE_RXN_p_Day,0.0,0.0
3_DEHYDROQUINATE_SYNTHASE_RXN_p_Night,0.0,0.0
3_DEHYDROQUINATE_SYNTHASE_RXN_p_Open,0.0,0.0
3_ISOPROPYLMALDEHYDROG_RXN_p_Close,0.0,0.0
3_ISOPROPYLMALDEHYDROG_RXN_p_Day,0.0,0.0
3_ISOPROPYLMALDEHYDROG_RXN_p_Night,0.0,0.0
3_ISOPROPYLMALDEHYDROG_RXN_p_Open,0.0,0.0
3_ISOPROPYLMALISOM_RXN_p_Close,0.0,0.0
3_ISOPROPYLMALISOM_RXN_p_Day,0.0,0.0
3_ISOPROPYLMALISOM_RXN_p_Night,0.0,0.0
3_ISOPROPYLMALISOM_RXN_p_Open,0.0,0.0
4_AMINO_BUTYRATE_PROTON_rev_vc_Close,0.0,0.0457205055773456
4_AMINO_BUTYRATE_PROTON_rev_vc_Day,0.0,1.0023008861436487
4_AMINO_BUTYRATE_PROTON_rev_vc_Night,0.0,0.0
4_AMINO_BUTYRATE_PROTON_rev_vc_Open,0.0,0.0
4_AMINO_BUTYRATE_PROTON_vc_Close,0.0,0.04572050558288896
4_AMINO_BUTYRATE_PROTON_vc_Day,0.0,1.0023008861595164
4_AMINO_BUTYRATE_PROTON_vc_Night,0.0,0.0
4_AMINO_BUTYRATE_PROTON_vc_Open,0.0,0.0
4_AMINO_BUTYRATE_mc_Close,0.0,0.0
4_AMINO_BUTYRATE_mc_Day,0.0,0.0
4_AMINO_BUTYRATE_mc_Night,0.0,0.0
4_AMINO_BUTYRATE_mc_Open,0.0,0.0
4_PERIOD_2_PERIOD_1_PERIOD_58_RXN_p_Close,0.0,0.0
4_PERIOD_2_PERIOD_1_PERIOD_58_RXN_p_Day,0.0,0.0
4_PERIOD_2_PERIOD_1_PERIOD_58_RXN_p_Night,0.0,0.0
4_PERIOD_2_PERIOD_1_PERIOD_58_RXN_p_Open,0.0,0.0
4_PERIOD_2_PERIOD_1_PERIOD_59_RXN_p_Close,0.0,0.0
4_PERIOD_2_PERIOD_1_PERIOD_59_RXN_p_Day,0.0,0.0
4_PERIOD_2_PERIOD_1_PERIOD_59_RXN_p_Night,0.0,0.0
4_PERIOD_2_PERIOD_1_PERIOD_59_RXN_p_Open,0.0,0.0
4_PERIOD_2_PERIOD_1_PERIOD_61_RXN_p_Close,0.0,0.0
4_PERIOD_2_PERIOD_1_PERIOD_61_RXN_p_Day,0.0,0.0
4_PERIOD_2_PERIOD_1_PERIOD_61_RXN_p_Night,0.0,0.0
4_PERIOD_2_PERIOD_1_PERIOD_61_RXN_p_Open,0.0,0.0
5_METHYL_THF_pc_Close,0.0,0.0
5_METHYL_THF_pc_Day,0.0,0.0
5_METHYL_THF_pc_Night,0.0,0.0
5_METHYL_THF_pc_Open,0.0,0.0
6PFRUCTPHOS_RXN_c_Close,0.0,0.0
6PFRUCTPHOS_RXN_c_Day,0.0,0.0
6PFRUCTPHOS_RXN_c_Night,0.0,0.22687124551521265
6PFRUCTPHOS_RXN_c_Open,0.0,0.017198760762078536
6PFRUCTPHOS_RXN_p_Close,0.0,0.0
6PFRUCTPHOS_RXN_p_Day,0.0,0.0
6PFRUCTPHOS_RXN_p_Night,0.0,0.2268712455013231
6PFRUCTPHOS_RXN_p_Open,0.0,0.0171987610859206
6PGLUCONDEHYDROG_RXN_c_Close,0.05499676374089979,0.1867665794707839
6PGLUCONDEHYDROG_RXN_c_Day,0.0,0.0
6PGLUCONDEHYDROG_RXN_c_Night,2.558603490981403,2.558603491044779
6PGLUCONDEHYDROG_RXN_c_Open,0.0,0.0
6PGLUCONDEHYDROG_RXN_p_Close,0.02749838191375603,0.15926819760261424
6PGLUCONDEHYDROG_RXN_p_Day,0.0,0.0
6PGLUCONDEHYDROG_RXN_p_Night,1.7519501736766603,1.7519501735896514
6PGLUCONDEHYDROG_RXN_p_Open,0.0,0.0
6PGLUCONOLACT_RXN_c_Close,0.05499676374213087,0.18676657948528919
6PGLUCONOLACT_RXN_c_Day,0.0,0.0
6PGLUCONOLACT_RXN_c_Night,2.55860349099343,2.558603490997882
6PGLUCONOLACT_RXN_c_Open,0.0,0.0
6PGLUCONOLACT_RXN_p_Close,0.027498381952568707,0.15926819762581895
6PGLUCONOLACT_RXN_p_Day,0.0,0.0
6PGLUCONOLACT_RXN_p_Night,1.7519501736380934,1.7519501736063816
6PGLUCONOLACT_RXN_p_Open,0.0,0.0
6_PERIOD_3_PERIOD_4_PERIOD_16_RXN_p_Close,0.0,0.0
6_PERIOD_3_PERIOD_4_PERIOD_16_RXN_p_Day,0.0,0.0
6_PERIOD_3_PERIOD_4_PERIOD_16_RXN_p_Night,0.0,0.0
6_PERIOD_3_PERIOD_4_PERIOD_16_RXN_p_Open,0.0,0.0
ACETALD_mc_Close,0.0,0.0
ACETALD_mc_Day,0.0,0.0
ACETALD_mc_Night,0.0,0.0
ACETALD_mc_Open,0.0,0.0
ACETATE_COA_LIGASE_RXN_p_Close,0.0,0.0
ACETATE_COA_LIGASE_RXN_p_Day,0.0,0.0
ACETATE_COA_LIGASE_RXN_p_Night,0.0,0.0
ACETATE_COA_LIGASE_RXN_p_Open,0.0,0.0
ACETATE_COA_LIGASE_RXN_x_Close,0.0,0.0
ACETATE_COA_LIGASE_RXN_x_Day,0.0,0.0
ACETATE_COA_LIGASE_RXN_x_Night,0.0,0.0
ACETATE_COA_LIGASE_RXN_x_Open,0.0,0.0
ACETOLACTREDUCTOISOM_RXN_p_Close,0.0,0.0
ACETOLACTREDUCTOISOM_RXN_p_Day,0.0,0.0
ACETOLACTREDUCTOISOM_RXN_p_Night,0.0,0.0
ACETOLACTREDUCTOISOM_RXN_p_Open,0.0,0.0
ACETOLACTSYN_RXN_p_Close,0.0,0.0
ACETOLACTSYN_RXN_p_Day,0.0,0.0
ACETOLACTSYN_RXN_p_Night,0.0,0.0
ACETOLACTSYN_RXN_p_Open,0.0,0.0
ACETOOHBUTREDUCTOISOM_RXN_p_Close,0.0,0.0
ACETOOHBUTREDUCTOISOM_RXN_p_Day,0.0,0.0
ACETOOHBUTREDUCTOISOM_RXN_p_Night,0.0,0.0
ACETOOHBUTREDUCTOISOM_RXN_p_Open,0.0,0.0
ACETOOHBUTSYN_RXN_p_Close,0.0,0.0
ACETOOHBUTSYN_RXN_p_Day,0.0,0.0
ACETOOHBUTSYN_RXN_p_Night,0.0,0.0
ACETOOHBUTSYN_RXN_p_Open,0.0,0.0
ACETYLGLUTKIN_RXN_p_Close,0.0,0.0
ACETYLGLUTKIN_RXN_p_Day,0.0,0.0
ACETYLGLUTKIN_RXN_p_Night,0.0,0.0
ACETYLGLUTKIN_RXN_p_Open,0.0,0.0
ACETYLORNTRANSAM_RXN_p_Close,0.0,0.0
ACETYLORNTRANSAM_RXN_p_Day,0.0,0.0
ACETYLORNTRANSAM_RXN_p_Night,0.0,0.0
ACETYLORNTRANSAM_RXN_p_Open,0.0,2.983849474602175e-10
ACETYL_COA_CARBOXYLTRANSFER_RXN_p_Close,0.0,0.0
ACETYL_COA_CARBOXYLTRANSFER_RXN_p_Day,0.0,0.0
ACETYL_COA_CARBOXYLTRANSFER_RXN_p_Night,0.0,0.0
ACETYL_COA_CARBOXYLTRANSFER_RXN_p_Open,0.0,0.0
ACET_mc_Close,0.0,0.0
ACET_mc_Day,0.0,0.0
ACET_mc_Night,0.0,0.0
ACET_mc_Open,0.0,0.0
ACET_pc_Close,0.0,0.0
ACET_pc_Day,0.0,0.0
ACET_pc_Night,0.0,0.0
ACET_pc_Open,0.0,0.0
ACET_xc_Close,0.0,0.0
ACET_xc_Day,0.0,0.0
ACET_xc_Night,0.0,0.0
ACET_xc_Open,0.0,0.0
ACONITATEDEHYDR_RXN_c_Close,-999.7364603685419,1000.0
ACONITATEDEHYDR_RXN_c_Day,-1000.0000000000007,999.9999999999795
ACONITATEDEHYDR_RXN_c_Night,-998.1094062873723,1000.0
ACONITATEDEHYDR_RXN_c_Open,-1000.0,1000.0
ACONITATEDEHYDR_RXN_m_Close,-999.7364603685821,1000.0
ACONITATEDEHYDR_RXN_m_Day,-1000.0000000000005,1000.0
ACONITATEDEHYDR_RXN_m_Night,-998.1094062874865,1000.0
ACONITATEDEHYDR_RXN_m_Open,-1000.0,1000.0
ACONITATEHYDR_RXN_c_Close,-999.7364603685421,1000.0
ACONITATEHYDR_RXN_c_Day,-1000.0000000000014,999.9999999999984
ACONITATEHYDR_RXN_c_Night,-998.109406287456,1000.0
ACONITATEHYDR_RXN_c_Open,-1000.0000000000001,1000.0
ACONITATEHYDR_RXN_m_Close,-999.7364603685319,1000.0
ACONITATEHYDR_RXN_m_Day,-1000.0000000000002,1000.0
ACONITATEHYDR_RXN_m_Night,-998.1094062874386,1000.0
ACONITATEHYDR_RXN_m_Open,-1000.0,1000.0
ACSERLY_RXN_c_Close,0.0,0.0
ACSERLY_RXN_c_Day,0.0,0.0
ACSERLY_RXN_c_Night,0.0,0.0
ACSERLY_RXN_c_Open,0.0,0.0
ACSERLY_RXN_p_Close,0.0,0.0
ACSERLY_RXN_p_Day,0.0,0.0
ACSERLY_RXN_p_Night,0.0,0.0
ACSERLY_RXN_p_Open,0.0,0.0
ADENYLOSUCCINATE_SYNTHASE_RXN_p_Close,0.0,0.0
ADENYLOSUCCINATE_SYNTHASE_RXN_p_Day,0.0,0.0
ADENYLOSUCCINATE_SYNTHASE_RXN_p_Night,0.0,0.0
ADENYLOSUCCINATE_SYNTHASE_RXN_p_Open,0.0,0.0
ADENYL_KIN_RXN_c_Close,-1000.0,998.4451161744105
ADENYL_KIN_RXN_c_Day,-1000.0,989.8715819224872
ADENYL_KIN_RXN_c_Night,-1000.0,986.23647777255
ADENYL_KIN_RXN_c_Open,-1000.0,998.7908482296311
ADENYL_KIN_RXN_m_Close,-498.44511617434733,501.55488382567125
ADENYL_KIN_RXN_m_Day,-489.8715819224596,510.3493317347494
ADENYL_KIN_RXN_m_Night,-486.0096065270567,513.9903934729393
ADENYL_KIN_RXN_m_Open,-498.7736494689191,501.2401587396838
ADENYL_KIN_RXN_p_Close,-499.9999999999993,499.9999999999981
ADENYL_KIN_RXN_p_Day,-500.0000000000079,500.0000000000223
ADENYL_KIN_RXN_p_Night,-499.9999999999998,499.99999999999557
ADENYL_KIN_RXN_p_Open,-499.99999999999295,500.00000000001086
ADP_pc_Close,-1000.0,1000.0
ADP_pc_Day,-1000.0,1000.0
ADP_pc_Night,-1000.0,1000.0
ADP_pc_Open,-1000.0,1000.0
AICARTRANSFORM_RXN_p_Close,0.0,0.0
AICARTRANSFORM_RXN_p_Day,0.0,0.0
AICARTRANSFORM_RXN_p_Night,0.0,0.0
AICARTRANSFORM_RXN_p_Open,0.0,0.0
ALANINE_AMINOTRANSFERASE_RXN_c_Close,0.0,0.0
ALANINE_AMINOTRANSFERASE_RXN_c_Day,0.0,0.0
ALANINE_AMINOTRANSFERASE_RXN_c_Night,0.0,0.0
ALANINE_AMINOTRANSFERASE_RXN_c_Open,0.0,0.0
ALANINE_AMINOTRANSFERASE_RXN_m_Close,0.0,0.0
ALANINE_AMINOTRANSFERASE_RXN_m_Day,0.0,0.0
ALANINE_AMINOTRANSFERASE_RXN_m_Night,0.0,0.0
ALANINE_AMINOTRANSFERASE_RXN_m_Open,0.0,0.0
ALANINE_AMINOTRANSFERASE_RXN_x_Close,-1000.0,0.0
ALANINE_AMINOTRANSFERASE_RXN_x_Day,-1000.0,0.0
ALANINE_AMINOTRANSFERASE_RXN_x_Night,-1000.0,0.0
ALANINE_AMINOTRANSFERASE_RXN_x_Open,-1000.0,0.0
ALANINE_GLYOXYLATE_AMINOTRANSFERASE_RXN_x_Close,0.0,1000.0
ALANINE_GLYOXYLATE_AMINOTRANSFERASE_RXN_x_Day,0.0,1000.0
ALANINE_GLYOXYLATE_AMINOTRANSFERASE_RXN_x_Night,0.0,1000.0
ALANINE_GLYOXYLATE_AMINOTRANSFERASE_RXN_x_Open,0.0,1000.0
ALANINE_TRNA_LIGASE_RXN_c_Close,0.0,0.0
ALANINE_TRNA_LIGASE_RXN_c_Day,0.0,0.0
ALANINE_TRNA_LIGASE_RXN_c_Night,0.0,0.0
ALANINE_TRNA_LIGASE_RXN_c_Open,0.0,0.0
ALCOHOL_DEHYDROG_RXN_c_Close,0.0,0.0
ALCOHOL_DEHYDROG_RXN_c_Day,0.0,0.0
ALCOHOL_DEHYDROG_RXN_c_Night,0.0,0.0
ALCOHOL_DEHYDROG_RXN_c_Open,0.0,0.0
AMPSYN_RXN_p_Close,0.0,0.0
AMPSYN_RXN_p_Day,0.0,0.0
AMPSYN_RXN_p_Night,0.0,0.0
AMPSYN_RXN_p_Open,0.0,0.0
AMP_ATP_xc_Close,0.0,0.0
AMP_ATP_xc_Day,0.0,0.0
AMP_ATP_xc_Night,0.0,0.0
AMP_ATP_xc_Open,0.0,0.0
AMP_pc_Close,-500.0000000000003,500.00000000000244
AMP_pc_Day,-500.0000000000024,499.9999999999996
AMP_pc_Night,-500.0,499.99999999998647
AMP_pc_Open,-500.0000000000017,500.00000000000136
ANTHRANSYN_RXN_p_Close,0.0,0.0
ANTHRANSYN_RXN_p_Day,0.0,0.0
ANTHRANSYN_RXN_p_Night,0.0,0.0
ANTHRANSYN_RXN_p_Open,0.0,0.0
ARGININE_TRNA_LIGASE_RXN_c_Close,0.0,0.0
ARGININE_TRNA_LIGASE_RXN_c_Day,0.0,0.0
ARGININE_TRNA_LIGASE_RXN_c_Night,0.0,0.0
ARGININE_TRNA_LIGASE_RXN_c_Open,0.0,0.0
ARGSUCCINLYA_RXN_c_Close,0.0,0.0
ARGSUCCINLYA_RXN_c_Day,0.0,0.0
ARGSUCCINLYA_RXN_c_Night,0.0,0.0
ARGSUCCINLYA_RXN_c_Open,0.0,0.0
ARGSUCCINSYN_RXN_c_Close,0.0,0.0
ARGSUCCINSYN_RXN_c_Day,0.0,0.0
ARGSUCCINSYN_RXN_c_Night,0.0,0.0
ARGSUCCINSYN_RXN_c_Open,0.0,0.0
ARG_CITRULLINE_mc_Close,-1000.0,1000.0
ARG_CITRULLINE_mc_Day,-1000.0,1000.0
ARG_CITRULLINE_mc_Night,-1000.0,1000.0
ARG_CITRULLINE_mc_Open,-1000.0,1000.0
ARG_HIS_mc_Close,-1000.0,1000.0
ARG_HIS_mc_Day,-1000.0,1000.0
ARG_HIS_mc_Night,-1000.0,1000.0
ARG_HIS_mc_Open,-1000.0,1000.0
ARG_LYS_mc_Close,-1000.0,1000.0
ARG_LYS_mc_Day,-1000.0,1000.0
ARG_LYS_mc_Night,-1000.0,1000.0
ARG_LYS_mc_Open,-1000.0,1000.0
ARG_ORNITHINE_mc_Close,-1000.0,1000.0
ARG_ORNITHINE_mc_Day,-1000.0,1000.0
ARG_ORNITHINE_mc_Night,-1000.0,1000.0
ARG_ORNITHINE_mc_Open,-1000.0,1000.0
ARG_PROTON_rev_vc_Close,0.0,0.04572050558380994
ARG_PROTON_rev_vc_Day,0.0,1.0023008861628102
ARG_PROTON_rev_vc_Night,0.0,0.0
ARG_PROTON_rev_vc_Open,0.0,0.0
ARG_PROTON_vc_Close,0.0,0.045720505577080656
ARG_PROTON_vc_Day,0.0,1.002300886135482
ARG_PROTON_vc_Night,0.0,0.0
ARG_PROTON_vc_Open,0.0,0.0
ARG_mc_Close,0.0,0.0
ARG_mc_Day,-1.040745281408368e-10,0.0
ARG_mc_Night,0.0,0.0
ARG_mc_Open,0.0,0.0
ASNSYNA_RXN_c_Close,0.0,0.0
ASNSYNA_RXN_c_Day,0.0,0.0
ASNSYNA_RXN_c_Night,0.0,0.0
ASNSYNA_RXN_c_Open,0.0,0.0
ASN_PROTON_rev_vc_Close,0.0,0.04572050556998524
ASN_PROTON_rev_vc_Day,0.0,1.0023008860954752
ASN_PROTON_rev_vc_Night,0.0,0.0
ASN_PROTON_rev_vc_Open,0.0,0.0
ASN_PROTON_vc_Close,0.0,0.04572050557510332
ASN_PROTON_vc_Day,0.0,1.002300886178477
ASN_PROTON_vc_Night,0.0,0.0
ASN_PROTON_vc_Open,0.0,1.7734600754917277e-10
ASPAMINOTRANS_RXN_c_Close,-1000.0,1000.0
ASPAMINOTRANS_RXN_c_Day,-1000.0,1000.0
ASPAMINOTRANS_RXN_c_Night,-1000.0,1000.0
ASPAMINOTRANS_RXN_c_Open,-1000.0,1000.0
ASPAMINOTRANS_RXN_m_Close,-1000.0,1000.0000000000002
ASPAMINOTRANS_RXN_m_Day,-1000.0,1000.0
ASPAMINOTRANS_RXN_m_Night,-1000.0000000000049,1000.0
ASPAMINOTRANS_RXN_m_Open,-1000.0,1000.0
ASPAMINOTRANS_RXN_p_Close,0.0,0.2635396314686417
ASPAMINOTRANS_RXN_p_Day,0.0,0.0
ASPAMINOTRANS_RXN_p_Night,0.0,0.0
ASPAMINOTRANS_RXN_p_Open,0.0,0.0
ASPAMINOTRANS_RXN_x_Close,-999.9999999999948,999.9999999999538
ASPAMINOTRANS_RXN_x_Day,-999.5581726855977,999.5581726855796
ASPAMINOTRANS_RXN_x_Night,-999.9999999999999,1000.0
ASPAMINOTRANS_RXN_x_Open,-999.9723835828081,999.9723835828205
ASPARAGINE_TRNA_LIGASE_RXN_c_Close,0.0,0.0
ASPARAGINE_TRNA_LIGASE_RXN_c_Day,0.0,0.0
ASPARAGINE_TRNA_LIGASE_RXN_c_Night,0.0,0.0
ASPARAGINE_TRNA_LIGASE_RXN_c_Open,0.0,0.0
ASPARTATEKIN_RXN_p_Close,0.0,0.0
ASPARTATEKIN_RXN_p_Day,0.0,0.0
ASPARTATEKIN_RXN_p_Night,0.0,0.0
ASPARTATEKIN_RXN_p_Open,0.0,0.0
ASPARTATE_SEMIALDEHYDE_DEHYDROGENASE_RXN_p_Close,0.0,0.0
ASPARTATE_SEMIALDEHYDE_DEHYDROGENASE_RXN_p_Day,0.0,0.0
ASPARTATE_SEMIALDEHYDE_DEHYDROGENASE_RXN_p_Night,0.0,0.0
ASPARTATE_SEMIALDEHYDE_DEHYDROGENASE_RXN_p_Open,0.0,0.0
ASPARTATE_TRNA_LIGASE_RXN_c_Close,0.0,0.0
ASPARTATE_TRNA_LIGASE_RXN_c_Day,0.0,0.0
ASPARTATE_TRNA_LIGASE_RXN_c_Night,0.0,0.0
ASPARTATE_TRNA_LIGASE_RXN_c_Open,0.0,0.0
ATPPHOSPHORIBOSYLTRANS_RXN_p_Close,0.0,0.0
ATPPHOSPHORIBOSYLTRANS_RXN_p_Day,0.0,0.0
ATPPHOSPHORIBOSYLTRANS_RXN_p_Night,0.0,0.0
ATPPHOSPHORIBOSYLTRANS_RXN_p_Open,0.0,0.0
ATP_ADP_Pi_pc_Close,-1000.0,999.868520274119
ATP_ADP_Pi_pc_Day,-974.8083499329631,1000.0
ATP_ADP_Pi_pc_Night,-998.336277532993,1000.0
ATP_ADP_Pi_pc_Open,-997.4371708743844,1000.0
ATP_ADP_mc_Close,-1000.0,1000.0
ATP_ADP_mc_Day,-1000.0,1000.0
ATP_ADP_mc_Night,-1000.0,1000.0
ATP_ADP_mc_Open,-1000.0,1000.0
ATP_AMP_mc_Close,-498.44511617434694,501.55488382571986
ATP_AMP_mc_Day,-489.8715819224689,510.34933173476657
ATP_AMP_mc_Night,-486.00960652705766,513.9903934729402
ATP_AMP_mc_Open,-498.77364946892243,501.24015873968494
ATP_CITRATE_PRO_S_LYASE_RXN_c_Close,0.0,0.0
ATP_CITRATE_PRO_S_LYASE_RXN_c_Day,0.0,0.0
ATP_CITRATE_PRO_S_LYASE_RXN_c_Night,0.0,0.0
ATP_CITRATE_PRO_S_LYASE_RXN_c_Open,0.0,0.0
ATP_pc_Close,-500.00000000000017,500.0
ATP_pc_Day,-499.9999999999982,500.0
ATP_pc_Night,-500.00000000000006,500.0
ATP_pc_Open,-500.00000000000136,499.9999999999999
ATPase_tx_Close,2.866827556863427,2.866827556863427
ATPase_tx_Day,31.5351031254977,31.5351031254977
ATPase_tx_Night,31.5351031254977,31.5351031254977
ATPase_tx_Open,2.866827556863427,2.866827556863427
BRANCHED_CHAINAMINOTRANSFERILEU_RXN_p_Close,0.0,0.0
BRANCHED_CHAINAMINOTRANSFERILEU_RXN_p_Day,0.0,0.0
BRANCHED_CHAINAMINOTRANSFERILEU_RXN_p_Night,0.0,0.0
BRANCHED_CHAINAMINOTRANSFERILEU_RXN_p_Open,0.0,0.0
BRANCHED_CHAINAMINOTRANSFERLEU_RXN_p_Close,0.0,0.0
BRANCHED_CHAINAMINOTRANSFERLEU_RXN_p_Day,0.0,0.0
BRANCHED_CHAINAMINOTRANSFERLEU_RXN_p_Night,0.0,0.0
BRANCHED_CHAINAMINOTRANSFERLEU_RXN_p_Open,0.0,0.0
BRANCHED_CHAINAMINOTRANSFERVAL_RXN_p_Close,0.0,0.0
BRANCHED_CHAINAMINOTRANSFERVAL_RXN_p_Day,0.0,0.0
BRANCHED_CHAINAMINOTRANSFERVAL_RXN_p_Night,0.0,0.0
BRANCHED_CHAINAMINOTRANSFERVAL_RXN_p_Open,0.0,0.0
Biomass_tx_Close,0.0,0.0
Biomass_tx_Day,0.0,0.0
Biomass_tx_Night,0.0,0.0
Biomass_tx_Open,0.0,0.0
CA2_rev_vc_Close,0.0,0.0
CA2_rev_vc_Day,0.0,0.0
CA2_rev_vc_Night,0.0,0.0
CA2_rev_vc_Open,0.0,0.0
CARBAMATE_KINASE_RXN_p_Close,0.0,0.0
CARBAMATE_KINASE_RXN_p_Day,0.0,0.0
CARBAMATE_KINASE_RXN_p_Night,0.0,0.0
CARBAMATE_KINASE_RXN_p_Open,0.0,0.0
CARBOXYCYCLOHEXADIENYL_DEHYDRATASE_RXN_p_Close,0.0,0.0
CARBOXYCYCLOHEXADIENYL_DEHYDRATASE_RXN_p_Day,0.0,0.0
CARBOXYCYCLOHEXADIENYL_DEHYDRATASE_RXN_p_Night,0.0,0.0
CARBOXYCYCLOHEXADIENYL_DEHYDRATASE_RXN_p_Open,0.0,0.0
CATAL_RXN_x_Close,0.0,0.0
CATAL_RXN_x_Day,0.44182731443002027,0.4418273144315912
CATAL_RXN_x_Night,0.0,0.0
CATAL_RXN_x_Open,0.027616417181326514,0.027616417182427237
CELLULOSE_SYNTHASE_GDP_FORMING_RXN_c_Close,0.0,0.0
CELLULOSE_SYNTHASE_GDP_FORMING_RXN_c_Day,0.0,0.0
CELLULOSE_SYNTHASE_GDP_FORMING_RXN_c_Night,0.0,0.0
CELLULOSE_SYNTHASE_GDP_FORMING_RXN_c_Open,0.0,0.0
CELLULOSE_SYNTHASE_UDP_FORMING_RXN_c_Close,0.0,0.0
CELLULOSE_SYNTHASE_UDP_FORMING_RXN_c_Day,0.0,0.0
CELLULOSE_SYNTHASE_UDP_FORMING_RXN_c_Night,0.0,0.0
CELLULOSE_SYNTHASE_UDP_FORMING_RXN_c_Open,0.0,0.0
CHORISMATEMUT_RXN_p_Close,0.0,0.0
CHORISMATEMUT_RXN_p_Day,0.0,0.0
CHORISMATEMUT_RXN_p_Night,0.0,0.0
CHORISMATEMUT_RXN_p_Open,0.0,0.0
CHORISMATE_SYNTHASE_RXN_p_Close,0.0,0.0
CHORISMATE_SYNTHASE_RXN_p_Day,0.0,0.0
CHORISMATE_SYNTHASE_RXN_p_Night,0.0,0.0
CHORISMATE_SYNTHASE_RXN_p_Open,0.0,0.0
CITSYN_RXN_m_Close,0.2635396315861307,0.26353963148581305
CITSYN_RXN_m_Day,0.0,0.0
CITSYN_RXN_m_Night,1.8905937125600127,1.8905937125545051
CITSYN_RXN_m_Open,0.0,0.0
CITSYN_RXN_x_Close,0.0,0.0
CITSYN_RXN_x_Day,0.0,0.0
CITSYN_RXN_x_Night,0.0,0.0
CITSYN_RXN_x_Open,0.0,0.0
CIT_ACONITATE_mc_Close,-1000.0,1000.0
CIT_ACONITATE_mc_Day,-1000.0,1000.0
CIT_ACONITATE_mc_Night,-1000.0,1000.0
CIT_ACONITATE_mc_Open,-1000.0,1000.0
CIT_ISOCITRATE_mc_Close,-1000.0,1000.0
CIT_ISOCITRATE_mc_Day,-1000.0,1000.0
CIT_ISOCITRATE_mc_Night,-1000.0,1000.0
CIT_ISOCITRATE_mc_Open,-1000.0,1000.0
CIT_PROTON_rev_vc_Close,0.0,0.42072050557917123
CIT_PROTON_rev_vc_Day,0.0,1.002300886159253
CIT_PROTON_rev_vc_Night,0.0,0.0
CIT_PROTON_rev_vc_Open,0.0,0.0
CIT_PROTON_vc_Close,0.0,0.030480337052197368
CIT_PROTON_vc_Day,0.0,0.6682005907693505
CIT_PROTON_vc_Night,0.0,0.0
CIT_PROTON_vc_Open,0.0,0.0
CIT_xc_Close,0.0,0.0
CIT_xc_Day,0.0,0.0
CIT_xc_Night,0.0,0.0
CIT_xc_Open,0.0,0.0
CO2_ec_Close,-1.379883855744737,-1.3798838557447817
CO2_ec_Day,2.2091365721449576,2.209136572147481
CO2_ec_Night,-9.982334802429591,-9.982334802315776
CO2_ec_Open,0.5130820858860345,0.5130820859053229
CO2_mc_Close,0.8456156581644272,0.8456156581099135
CO2_mc_Day,3.945727661659217,3.945727661693383
CO2_mc_Night,7.2850877723677225,7.285087772411401
CO2_mc_Open,0.34615281238023254,0.3461528123493898
CO2_pc_Close,0.15926819760068725,0.2910380133283463
CO2_pc_Day,-2.6509638865732534,-2.650963886584921
CO2_pc_Night,1.7519501736367382,1.7519501736336316
CO2_pc_Open,-0.16569850308875098,-0.16569850311028556
CO2_tx_Close,-1.3798838557459434,-1.3798838557433488
CO2_tx_Day,2.209136572069485,2.2091365721612695
CO2_tx_Night,-9.982334802312408,-9.982334802315803
CO2_tx_Open,0.5130820859049385,0.5130820859066724
CONIFERIN_BETA_GLUCOSIDASE_RXN_c_Close,0.0,0.0
CONIFERIN_BETA_GLUCOSIDASE_RXN_c_Day,0.0,0.0
CONIFERIN_BETA_GLUCOSIDASE_RXN_c_Night,0.0,0.0
CONIFERIN_BETA_GLUCOSIDASE_RXN_c_Open,0.0,0.0
CYSPH_RXN_p_Close,0.0,0.0
CYSPH_RXN_p_Day,0.0,0.0
CYSPH_RXN_p_Night,0.0,0.0
CYSPH_RXN_p_Open,0.0,0.0
CYSTAGLY_RXN_p_Close,0.0,0.0
CYSTAGLY_RXN_p_Day,0.0,0.0
CYSTAGLY_RXN_p_Night,0.0,0.0
CYSTAGLY_RXN_p_Open,0.0,0.0
CYSTATHIONINE_BETA_LYASE_RXN_p_Close,0.0,0.0
CYSTATHIONINE_BETA_LYASE_RXN_p_Day,0.0,0.0
CYSTATHIONINE_BETA_LYASE_RXN_p_Night,0.0,0.0
CYSTATHIONINE_BETA_LYASE_RXN_p_Open,0.0,0.0
CYS_PROTON_rev_vc_Close,0.0,0.04572050557044349
CYS_PROTON_rev_vc_Day,0.0,1.0023008861440117
CYS_PROTON_rev_vc_Night,0.0,0.0
CYS_PROTON_rev_vc_Open,0.0,0.0
CYS_PROTON_vc_Close,0.0,0.04572050557890628
CYS_PROTON_vc_Day,0.0,1.0023008861718097
CYS_PROTON_vc_Night,0.0,0.0
CYS_PROTON_vc_Open,0.0,0.0
CYTOCHROME_C_OXIDASE_RXN_mc_Close,0.0,0.5270792629361929
CYTOCHROME_C_OXIDASE_RXN_mc_Day,0.0,3.4276858792136364
CYTOCHROME_C_OXIDASE_RXN_mc_Night,0.0,4.726484281398822
CYTOCHROME_C_OXIDASE_RXN_mc_Open,0.0,0.4120054256775916
CYTOCHROME_C_OXIDASE_RXN_mi_Close,0.0,0.5270792629294898
CYTOCHROME_C_OXIDASE_RXN_mi_Day,0.0,3.427685879196252
CYTOCHROME_C_OXIDASE_RXN_mi_Night,0.0,4.726484281399575
CYTOCHROME_C_OXIDASE_RXN_mi_Open,0.0,0.41200542569848214
Ca_biomass_Close,0.0,0.0
Ca_biomass_Day,0.0,0.0
Ca_biomass_Night,0.0,0.0
Ca_biomass_Open,0.0,0.0
Ca_ec_Close,0.0,0.0
Ca_ec_Day,0.0,0.0
Ca_ec_Night,0.0,0.0
Ca_ec_Open,0.0,0.0
Ca_tx_Close,0.0,0.0
Ca_tx_Day,0.0,0.0
Ca_tx_Night,0.0,0.0
Ca_tx_Open,0.0,0.0
Cellulose_biomass_Close,0.0,0.0
Cellulose_biomass_Day,0.0,0.0
Cellulose_biomass_Night,0.0,0.0
Cellulose_biomass_Open,0.0,0.0
Cl_CloseNight_storage,0.0,0.0
Cl_DayClose_storage,0.0,0.0
Cl_NightOpen_storage,0.0,0.0
Cl_OpenDay_storage,0.0,0.0
Cl_ec_Close,0.0,0.0
Cl_ec_Day,0.0,0.0
Cl_ec_Night,0.0,0.0
Cl_ec_Open,0.0,0.0
Cl_rev_ec_Close,0.0,0.0
Cl_rev_ec_Day,0.0,0.0
Cl_rev_ec_Night,0.0,0.0
Cl_rev_ec_Open,0.0,0.0
Cl_rev_vc_Close,0.0,0.0914410111621784
Cl_rev_vc_Day,0.0,2.0046017723561196
Cl_rev_vc_Night,0.0,0.0
Cl_rev_vc_Open,0.0,0.0
Cl_tx_Close,0.0,0.0
Cl_tx_Day,0.0,0.0
Cl_tx_Night,0.0,0.0
Cl_tx_Open,0.0,0.0
Cl_vc_Close,0.0,0.1828820223243568
Cl_vc_Day,0.0,4.009203544712239
Cl_vc_Night,0.0,0.0
Cl_vc_Open,0.0,0.0
DAHPSYN_RXN_p_Close,0.0,0.0
DAHPSYN_RXN_p_Day,0.0,0.0
DAHPSYN_RXN_p_Night,0.0,0.0
DAHPSYN_RXN_p_Open,0.0,0.0
DHAP_3PGA_pc_Close,-1000.0,1000.0
DHAP_3PGA_pc_Day,-1000.0,1000.0
DHAP_3PGA_pc_Night,-1000.0,1000.0
DHAP_3PGA_pc_Open,-1000.0,1000.0
DHAP_Pi_pc_Close,-1000.0,1000.0
DHAP_Pi_pc_Day,-1000.0,1000.0
DHAP_Pi_pc_Night,-1000.0,1000.0
DHAP_Pi_pc_Open,-1000.0,1000.0
DIAMINOPIMDECARB_RXN_p_Close,0.0,0.0
DIAMINOPIMDECARB_RXN_p_Day,0.0,0.0
DIAMINOPIMDECARB_RXN_p_Night,0.0,0.0
DIAMINOPIMDECARB_RXN_p_Open,0.0,0.0
DIAMINOPIMEPIM_RXN_p_Close,0.0,0.0
DIAMINOPIMEPIM_RXN_p_Day,0.0,0.0
DIAMINOPIMEPIM_RXN_p_Night,0.0,0.0
DIAMINOPIMEPIM_RXN_p_Open,0.0,0.0
DIHYDRODIPICSYN_RXN_p_Close,0.0,0.0
DIHYDRODIPICSYN_RXN_p_Day,0.0,0.0
DIHYDRODIPICSYN_RXN_p_Night,0.0,0.0
DIHYDRODIPICSYN_RXN_p_Open,0.0,0.0
DIHYDROPICRED_RXN_NADP_p_Close,0.0,0.0
DIHYDROPICRED_RXN_NADP_p_Day,0.0,0.0
DIHYDROPICRED_RXN_NADP_p_Night,0.0,0.0
DIHYDROPICRED_RXN_NADP_p_Open,0.0,0.0
DIHYDROPICRED_RXN_NAD_p_Close,0.0,0.0
DIHYDROPICRED_RXN_NAD_p_Day,0.0,0.0
DIHYDROPICRED_RXN_NAD_p_Night,0.0,0.0
DIHYDROPICRED_RXN_NAD_p_Open,0.0,0.0
DIHYDROXYISOVALDEHYDRAT_RXN_p_Close,0.0,0.0
DIHYDROXYISOVALDEHYDRAT_RXN_p_Day,0.0,0.0
DIHYDROXYISOVALDEHYDRAT_RXN_p_Night,0.0,0.0
DIHYDROXYISOVALDEHYDRAT_RXN_p_Open,0.0,0.0
DIHYDROXYMETVALDEHYDRAT_RXN_p_Close,0.0,0.0
DIHYDROXYMETVALDEHYDRAT_RXN_p_Day,0.0,0.0
DIHYDROXYMETVALDEHYDRAT_RXN_p_Night,0.0,0.0
DIHYDROXYMETVALDEHYDRAT_RXN_p_Open,0.0,0.0
F16ALDOLASE_RXN_c_Close,-0.09144101113577646,0.0
F16ALDOLASE_RXN_c_Day,-2.7246017723255913,-0.7200000000619178
F16ALDOLASE_RXN_c_Night,0.0,0.22687124542670745
F16ALDOLASE_RXN_c_Open,0.0,0.01719876071767833
F16ALDOLASE_RXN_p_Close,-0.09144101114554815,0.0
F16ALDOLASE_RXN_p_Day,-2.0046017723026863,0.0
F16ALDOLASE_RXN_p_Night,0.0,0.22687124548447926
F16ALDOLASE_RXN_p_Open,0.0,0.01719876075864491
F16BDEPHOS_RXN_c_Close,0.0,0.09144101114597383
F16BDEPHOS_RXN_c_Day,0.0,2.0046017722948104
F16BDEPHOS_RXN_c_Night,0.0,0.0
F16BDEPHOS_RXN_c_Open,0.0,0.0
F16BDEPHOS_RXN_p_Close,0.0,0.0914410111746076
F16BDEPHOS_RXN_p_Day,0.0,2.004601772280208
F16BDEPHOS_RXN_p_Night,0.0,0.0
F16BDEPHOS_RXN_p_Open,0.0,0.0
FERREDOXIN_NITRITE_REDUCTASE_RXN_p_Close,0.0,0.0
FERREDOXIN_NITRITE_REDUCTASE_RXN_p_Day,0.0,0.0
FERREDOXIN_NITRITE_REDUCTASE_RXN_p_Night,0.0,0.0
FERREDOXIN_NITRITE_REDUCTASE_RXN_p_Open,0.0,0.0
FERRIC_CHELATE_REDUCTASE_RXN_c_Close,0.0,0.0
FERRIC_CHELATE_REDUCTASE_RXN_c_Day,0.0,0.0
FERRIC_CHELATE_REDUCTASE_RXN_c_Night,0.0,0.0
FERRIC_CHELATE_REDUCTASE_RXN_c_Open,0.0,0.0
FORMATETHFLIG_RXN_p_Close,0.0,0.0
FORMATETHFLIG_RXN_p_Day,0.0,0.0
FORMATETHFLIG_RXN_p_Night,0.0,0.0
FORMATETHFLIG_RXN_p_Open,0.0,0.0
FORMATE_mc_Close,0.0,0.0
FORMATE_mc_Day,0.0,0.0
FORMATE_mc_Night,0.0,0.0
FORMATE_mc_Open,0.0,0.0
FORMATE_pc_Close,0.0,0.0
FORMATE_pc_Day,0.0,0.0
FORMATE_pc_Night,0.0,0.0
FORMATE_pc_Open,0.0,0.0
FORMYLTHFDEFORMYL_RXN_p_Close,0.0,0.0
FORMYLTHFDEFORMYL_RXN_p_Day,0.0,0.0
FORMYLTHFDEFORMYL_RXN_p_Night,0.0,0.0
FORMYLTHFDEFORMYL_RXN_p_Open,0.0,0.0
FRUCTOKINASE_RXN_c_Close,0.0,0.0
FRUCTOKINASE_RXN_c_Day,0.7200000000629126,0.7200000000830219
FRUCTOKINASE_RXN_c_Night,0.0,0.0
FRUCTOKINASE_RXN_c_Open,0.0,0.0
FRU_PROTON_rev_vc_Close,0.0,0.09144101117308871
FRU_PROTON_rev_vc_Day,0.0,2.0046017723256253
FRU_PROTON_rev_vc_Night,0.0,0.0
FRU_PROTON_rev_vc_Open,0.0,0.0
FRU_vc_Close,0.0,0.0914410109635947
FRU_vc_Day,0.0,2.0046017723177956
FRU_vc_Night,0.0,0.0
FRU_vc_Open,0.0,3.5806193695225635e-10
FUMHYDR_RXN_c_Close,-999.7364603685647,1000.0
FUMHYDR_RXN_c_Day,-999.9999999999999,999.9999999999999
FUMHYDR_RXN_c_Night,-998.1094062874943,1000.0
FUMHYDR_RXN_c_Open,-1000.0,999.9999999999998
FUMHYDR_RXN_m_Close,-999.7364603684821,1000.0
FUMHYDR_RXN_m_Day,-1000.0,1000.0
FUMHYDR_RXN_m_Night,-998.109406287432,1000.0
FUMHYDR_RXN_m_Open,-999.9999999999999,1000.0000000000025
FUM_PROTON_vc_Close,0.0,0.0
FUM_PROTON_vc_Day,0.0,0.0
FUM_PROTON_vc_Night,0.0,0.0
FUM_PROTON_vc_Open,0.0,0.0
FUM_pc_Close,0.0,0.0
FUM_pc_Day,0.0,0.0
FUM_pc_Night,0.0,0.0
FUM_pc_Open,0.0,0.0
FattyAcid_biomass_Close,0.0,0.0
FattyAcid_biomass_Day,0.0,0.0
FattyAcid_biomass_Night,0.0,0.0
FattyAcid_biomass_Open,0.0,0.0
Ferredoxin_Plastoquinone_Reductase_p_Close,0.0,0.0
Ferredoxin_Plastoquinone_Reductase_p_Day,0.0,0.0
Ferredoxin_Plastoquinone_Reductase_p_Night,0.0,0.0
Ferredoxin_Plastoquinone_Reductase_p_Open,0.0,0.0
G6P_Pi_pc_Close,-0.03644424744788933,0.1867665794785776
G6P_Pi_pc_Day,-4.164601772364054,-2.159999999927328
G6P_Pi_pc_Night,2.558603490999466,2.785474736492916
G6P_Pi_pc_Open,0.0,0.017198760751104693
GABATRANSAM_RXN_m_Close,0.0,0.0
GABATRANSAM_RXN_m_Day,0.0,0.0
GABATRANSAM_RXN_m_Night,0.0,0.0
GABATRANSAM_RXN_m_Open,0.0,0.0
GAPOXNPHOSPHN_RXN_c_Close,-1000.0,999.8685202739779
GAPOXNPHOSPHN_RXN_c_Day,-988.443560343875,993.3725902833448
GAPOXNPHOSPHN_RXN_c_Night,-998.1094062870055,1000.0
GAPOXNPHOSPHN_RXN_c_Open,-998.1134899225947,999.9607537422768
GAPOXNPHOSPHN_RXN_p_Close,-999.9799806426823,999.888539631477
GAPOXNPHOSPHN_RXN_p_Day,-1000.0,995.74075941681
GAPOXNPHOSPHN_RXN_p_Night,-998.109406287406,999.999999999991
GAPOXNPHOSPHN_RXN_p_Open,-1000.0000000000001,999.3401171911091
GAP_3PGA_pc_Close,-1000.0,1000.0
GAP_3PGA_pc_Day,-1000.0,1000.0
GAP_3PGA_pc_Night,-1000.0,1000.0
GAP_3PGA_pc_Open,-1000.0,1000.0
GAP_Pi_pc_Close,-1000.0,1000.0
GAP_Pi_pc_Day,-1000.0,1000.0
GAP_Pi_pc_Night,-1000.0,1000.0
GAP_Pi_pc_Open,-1000.0,1000.0
GCVMULTI_RXN_m_Close,0.0,0.0
GCVMULTI_RXN_m_Day,0.4418273144303121,0.4418273144290795
GCVMULTI_RXN_m_Night,0.0,0.0
GCVMULTI_RXN_m_Open,0.027616417181153978,0.02761641717931278
GDPKIN_RXN_c_Close,0.0,0.0
GDPKIN_RXN_c_Day,0.0,0.0
GDPKIN_RXN_c_Night,0.0,0.2268712454859434
GDPKIN_RXN_c_Open,0.0,0.01719876073812543
GDPKIN_RXN_m_Close,-0.2635396314691204,0.0
GDPKIN_RXN_m_Day,0.0,0.0
GDPKIN_RXN_m_Night,-1.890593712559921,0.0
GDPKIN_RXN_m_Open,0.0,0.0
GDPKIN_RXN_p_Close,0.0,0.0
GDPKIN_RXN_p_Day,0.0,0.0
GDPKIN_RXN_p_Night,0.0,0.0
GDPKIN_RXN_p_Open,0.0,0.0
GLC_PROTON_rev_vc_Close,0.0,0.0914410111449735
GLC_PROTON_rev_vc_Day,0.0,2.0046017723084835
GLC_PROTON_rev_vc_Night,0.0,0.0
GLC_PROTON_rev_vc_Open,0.0,0.0
GLC_ec_Close,0.0,0.0
GLC_ec_Day,0.0,0.0
GLC_ec_Night,0.0,0.0
GLC_ec_Open,0.0,0.0
GLC_pc_Close,0.0,0.0
GLC_pc_Day,0.0,0.0
GLC_pc_Night,0.0,0.0
GLC_pc_Open,0.0,0.0
GLC_tx_Close,0.0,0.0
GLC_tx_Day,0.0,0.0
GLC_tx_Night,0.0,0.0
GLC_tx_Open,0.0,0.0
GLC_vc_Close,0.0,0.09144101123858987
GLC_vc_Day,0.0,2.0046017723873972
GLC_vc_Night,0.0,0.0
GLC_vc_Open,0.0,0.0
GLN_GLU_mc_Close,0.0,0.0
GLN_GLU_mc_Day,0.0,0.4418273143675385
GLN_GLU_mc_Night,0.0,0.0
GLN_GLU_mc_Open,0.0,0.027616417184742923
GLN_GLU_pc_Close,0.0,0.0
GLN_GLU_pc_Day,-0.4418273147009571,0.0
GLN_GLU_pc_Night,0.0,0.0
GLN_GLU_pc_Open,-0.027616417187791835,0.0
GLN_PROTON_rev_vc_Close,0.0,0.04572050558128845
GLN_PROTON_rev_vc_Day,0.0,1.0023008861867797
GLN_PROTON_rev_vc_Night,0.0,0.0
GLN_PROTON_rev_vc_Open,0.0,0.0
GLN_PROTON_vc_Close,0.0,0.045720505506159324
GLN_PROTON_vc_Day,0.0,1.0023008861554283
GLN_PROTON_vc_Night,0.0,0.0
GLN_PROTON_vc_Open,0.0,0.0
GLT_MAL_pc_Close,1.0517664302878153e-10,0.2635396314703949
GLT_MAL_pc_Day,0.4418273144471259,0.4418273143655394
GLT_MAL_pc_Night,0.0,0.0
GLT_MAL_pc_Open,0.027616417177455332,0.027616417185780995
GLT_PROTON_rev_vc_Close,0.0,0.04572050555858648
GLT_PROTON_rev_vc_Day,0.0,1.00230088622195
GLT_PROTON_rev_vc_Night,0.0,0.0
GLT_PROTON_rev_vc_Open,0.0,0.0
GLT_PROTON_vc_Close,0.0,0.04572050558295663
GLT_PROTON_vc_Day,0.0,1.0023008861595495
GLT_PROTON_vc_Night,0.0,0.0
GLT_PROTON_vc_Open,0.0,0.0
GLT_xc_Close,-1000.0,1000.0
GLT_xc_Day,-1000.0,999.1163453711332
GLT_xc_Night,-1000.0,1000.0
GLT_xc_Open,-1000.0000000000001,999.944767165644
GLU6PDEHYDROG_RXN_c_Close,0.054996763746885335,0.18676657947730746
GLU6PDEHYDROG_RXN_c_Day,0.0,0.0
GLU6PDEHYDROG_RXN_c_Night,2.558603490961683,2.5586034908124873
GLU6PDEHYDROG_RXN_c_Open,0.0,0.0
GLU6PDEHYDROG_RXN_p_Close,0.02749838187770237,0.1592681975439653
GLU6PDEHYDROG_RXN_p_Day,0.0,0.0
GLU6PDEHYDROG_RXN_p_Night,1.75195017365604,1.7519501736144147
GLU6PDEHYDROG_RXN_p_Open,0.0,0.0
GLUC1PADENYLTRANS_RXN_p_Close,0.020019357373874357,0.020019356960366438
GLUC1PADENYLTRANS_RXN_p_Day,1.8081894285249172,1.8081894286901843
GLUC1PADENYLTRANS_RXN_p_Night,0.0,0.0
GLUC1PADENYLTRANS_RXN_p_Open,0.0,1.7902843474202233e-10
GLUC1PURIDYLTRANS_RXN_c_Close,0.0,0.0
GLUC1PURIDYLTRANS_RXN_c_Day,-0.7200000000128873,-0.7199999999746308
GLUC1PURIDYLTRANS_RXN_c_Night,0.0,0.0
GLUC1PURIDYLTRANS_RXN_c_Open,0.0,0.0
GLUCOKIN_RXN_c_Close,0.0,0.0
GLUCOKIN_RXN_c_Day,0.0,0.0
GLUCOKIN_RXN_c_Night,0.0,0.0
GLUCOKIN_RXN_c_Open,0.0,0.0
GLUCOKIN_RXN_p_Close,0.0,0.0
GLUCOKIN_RXN_p_Day,0.0,0.0
GLUCOKIN_RXN_p_Night,0.0,0.0
GLUCOKIN_RXN_p_Open,0.0,0.0
GLUCURONOKINASE_RXN_c_Close,0.0,0.0
GLUCURONOKINASE_RXN_c_Day,0.0,0.0
GLUCURONOKINASE_RXN_c_Night,0.0,0.0
GLUCURONOKINASE_RXN_c_Open,0.0,0.0
GLURS_RXN_c_Close,0.0,0.0
GLURS_RXN_c_Day,0.0,0.0
GLURS_RXN_c_Night,0.0,0.0
GLURS_RXN_c_Open,0.0,0.0
GLUTAMATE_DEHYDROGENASE_RXN_m_Close,0.0,0.0
GLUTAMATE_DEHYDROGENASE_RXN_m_Day,0.0,0.0
GLUTAMATE_DEHYDROGENASE_RXN_m_Night,0.0,0.0
GLUTAMATE_DEHYDROGENASE_RXN_m_Open,0.0,0.0
GLUTAMATE_N_ACETYLTRANSFERASE_RXN_p_Close,0.0,0.0
GLUTAMATE_N_ACETYLTRANSFERASE_RXN_p_Day,0.0,0.0
GLUTAMATE_N_ACETYLTRANSFERASE_RXN_p_Night,0.0,0.0
GLUTAMATE_N_ACETYLTRANSFERASE_RXN_p_Open,0.0,0.0
GLUTAMATE_SYNTHASE_FERREDOXIN_RXN_p_Close,0.0,0.0
GLUTAMATE_SYNTHASE_FERREDOXIN_RXN_p_Day,0.0,0.4418273144280303
GLUTAMATE_SYNTHASE_FERREDOXIN_RXN_p_Night,0.0,0.0
GLUTAMATE_SYNTHASE_FERREDOXIN_RXN_p_Open,0.0,0.027616417132064957
GLUTAMATE_SYNTHASE_NADH_RXN_p_Close,0.0,0.0
GLUTAMATE_SYNTHASE_NADH_RXN_p_Day,0.0,0.4418273144664329
GLUTAMATE_SYNTHASE_NADH_RXN_p_Night,0.0,-1.1065180517887022e-10
GLUTAMATE_SYNTHASE_NADH_RXN_p_Open,0.0,0.027616417184742923
GLUTAMIDOTRANS_RXN_p_Close,0.0,0.0
GLUTAMIDOTRANS_RXN_p_Day,0.0,0.0
GLUTAMIDOTRANS_RXN_p_Night,0.0,0.0
GLUTAMIDOTRANS_RXN_p_Open,0.0,0.0
GLUTAMINESYN_RXN_c_Close,0.0,0.0
GLUTAMINESYN_RXN_c_Day,0.0,0.441827314427344
GLUTAMINESYN_RXN_c_Night,0.0,0.0
GLUTAMINESYN_RXN_c_Open,0.0,0.027616417132381197
GLUTAMINESYN_RXN_m_Close,0.0,0.0
GLUTAMINESYN_RXN_m_Day,0.0,0.441827314448106
GLUTAMINESYN_RXN_m_Night,0.0,0.0
GLUTAMINESYN_RXN_m_Open,0.0,0.027616417210919
GLUTAMINESYN_RXN_p_Close,0.0,0.0
GLUTAMINESYN_RXN_p_Day,0.0,0.44182731446217505
GLUTAMINESYN_RXN_p_Night,0.0,0.0
GLUTAMINESYN_RXN_p_Open,0.0,0.02761641721101378
GLUTAMINE_TRNA_LIGASE_RXN_c_Close,0.0,0.0
GLUTAMINE_TRNA_LIGASE_RXN_c_Day,0.0,0.0
GLUTAMINE_TRNA_LIGASE_RXN_c_Night,0.0,0.0
GLUTAMINE_TRNA_LIGASE_RXN_c_Open,0.0,0.0
GLUTATHIONE_PEROXIDASE_RXN_p_Close,0.0,0.0
GLUTATHIONE_PEROXIDASE_RXN_p_Day,0.0,0.0
GLUTATHIONE_PEROXIDASE_RXN_p_Night,0.0,0.0
GLUTATHIONE_PEROXIDASE_RXN_p_Open,0.0,0.0
GLUTATHIONE_REDUCT_NADPH_RXN_p_Close,0.0,0.0
GLUTATHIONE_REDUCT_NADPH_RXN_p_Day,0.0,0.0
GLUTATHIONE_REDUCT_NADPH_RXN_p_Night,0.0,0.0
GLUTATHIONE_REDUCT_NADPH_RXN_p_Open,0.0,0.0
GLUTDECARBOX_RXN_c_Close,0.0,0.0
GLUTDECARBOX_RXN_c_Day,0.0,0.0
GLUTDECARBOX_RXN_c_Night,0.0,0.0
GLUTDECARBOX_RXN_c_Open,0.0,0.0
GLUTKIN_RXN_c_Close,0.0,0.0
GLUTKIN_RXN_c_Day,0.0,0.0
GLUTKIN_RXN_c_Night,0.0,0.0
GLUTKIN_RXN_c_Open,0.0,0.0
GLUTSEMIALDEHYDRROG_RXN_c_Close,0.0,0.0
GLUTSEMIALDEHYDRROG_RXN_c_Day,0.0,0.0
GLUTSEMIALDEHYDRROG_RXN_c_Night,0.0,0.0
GLUTSEMIALDEHYDRROG_RXN_c_Open,0.0,0.0
GLY3KIN_RXN_p_Close,0.0,0.0
GLY3KIN_RXN_p_Day,0.4418273144305618,0.44182731443033085
GLY3KIN_RXN_p_Night,0.0,0.0
GLY3KIN_RXN_p_Open,0.027616417181223096,0.027616417180553014
GLYC3PDEHYDROGBIOSYN_RXN_c_Close,0.0,0.0
GLYC3PDEHYDROGBIOSYN_RXN_c_Day,0.0,0.0
GLYC3PDEHYDROGBIOSYN_RXN_c_Night,0.0,0.0
GLYC3PDEHYDROGBIOSYN_RXN_c_Open,0.0,0.0
GLYCERATE_GLYCOLLATE_pc_Close,0.0,0.0
GLYCERATE_GLYCOLLATE_pc_Day,0.44182731443055284,0.4418273144305727
GLYCERATE_GLYCOLLATE_pc_Night,0.0,0.0
GLYCERATE_GLYCOLLATE_pc_Open,0.027616417181327204,0.027616417181121785
GLYCINE_AMINOTRANSFERASE_RXN_x_Close,-1000.0,-1.5018202623939678e-10
GLYCINE_AMINOTRANSFERASE_RXN_x_Day,-999.5581726855953,0.4418273144313937
GLYCINE_AMINOTRANSFERASE_RXN_x_Night,-1000.0,0.0
GLYCINE_AMINOTRANSFERASE_RXN_x_Open,-999.9723835828188,0.02761641719556069
GLYCINE_TRNA_LIGASE_RXN_c_Close,0.0,0.0
GLYCINE_TRNA_LIGASE_RXN_c_Day,0.0,0.0
GLYCINE_TRNA_LIGASE_RXN_c_Night,0.0,0.0
GLYCINE_TRNA_LIGASE_RXN_c_Open,0.0,0.0
GLYCOGENSYN_RXN_p_Close,0.02001935736934879,0.020019357402722822
GLYCOGENSYN_RXN_p_Day,1.808189428635637,1.8081894286892801
GLYCOGENSYN_RXN_p_Night,0.0,0.0
GLYCOGENSYN_RXN_p_Open,0.0,0.0
GLYOHMETRANS_RXN_c_Close,-1000.0,1000.0
GLYOHMETRANS_RXN_c_Day,-1000.0,1000.0
GLYOHMETRANS_RXN_c_Night,-1000.0,1000.0
GLYOHMETRANS_RXN_c_Open,-1000.0,1000.0
GLYOHMETRANS_RXN_m_Close,-1000.0,1000.0
GLYOHMETRANS_RXN_m_Day,-999.5581726855694,999.5581726855684
GLYOHMETRANS_RXN_m_Night,-1000.0000000000078,999.9999999999999
GLYOHMETRANS_RXN_m_Open,-999.9723835828186,999.9723835828187
GLYOHMETRANS_RXN_p_Close,-1000.0000000000001,999.9999999999914
GLYOHMETRANS_RXN_p_Day,-999.9999999999999,1000.0
GLYOHMETRANS_RXN_p_Night,-999.9999999999998,1000.0
GLYOHMETRANS_RXN_p_Open,-1000.0,999.9999999999997
GLY_PROTON_rev_vc_Close,0.0,0.04572050558027474
GLY_PROTON_rev_vc_Day,0.0,1.0023008861941043
GLY_PROTON_rev_vc_Night,0.0,0.0
GLY_PROTON_rev_vc_Open,0.0,0.0
GLY_PROTON_vc_Close,0.0,0.045720505506159324
GLY_PROTON_vc_Day,0.0,1.0023008861554283
GLY_PROTON_vc_Night,0.0,0.0
GLY_PROTON_vc_Open,0.0,0.0
GLY_mc_Close,-1000.0,1000.0
GLY_mc_Day,-1000.0,999.1163453711374
GLY_mc_Night,-1000.0,1000.0
GLY_mc_Open,-1000.0,999.9447671656374
GLY_pc_Close,-1000.0,1000.0000000000014
GLY_pc_Day,-1000.0,1000.0000000000025
GLY_pc_Night,-1000.0,1000.0
GLY_pc_Open,-1000.0,1000.0
GLY_xc_Close,0.0,0.0
GLY_xc_Day,0.8836546288420009,0.8836546288604041
GLY_xc_Night,0.0,0.0
GLY_xc_Open,0.055232834362508865,0.055232834362765104
GPH_RXN_p_Close,0.0,0.0
GPH_RXN_p_Day,0.8836546288609952,0.8836546288611014
GPH_RXN_p_Night,0.0,0.0
GPH_RXN_p_Open,0.05523283436264705,0.05523283436162481
Glycerate_xc_Close,0.0,0.0
Glycerate_xc_Day,0.44182731442832807,0.44182731442989387
Glycerate_xc_Night,0.0,0.0
Glycerate_xc_Open,0.027616417180965875,0.0276164171813988
Glycerol_biomass_Close,0.0,0.0
Glycerol_biomass_Day,0.0,0.0
Glycerol_biomass_Night,0.0,0.0
Glycerol_biomass_Open,0.0,0.0
Glycolate_xc_Close,0.0,0.0
Glycolate_xc_Day,-0.8836546288618342,-0.8836546288601923
Glycolate_xc_Night,0.0,0.0
Glycolate_xc_Open,-0.05523283436208156,-0.055232834362743066
H2O_ec_Close,-1.0249032130647506,-1.0249032131149014
H2O_ec_Day,1.1209471434640648,1.1209471434499627
H2O_ec_Night,-8.318612335267176,-8.31861233526331
H2O_ec_Open,0.30256840492162146,0.30256840491177805
H2O_mc_Close,-1000.0,1000.0
H2O_mc_Day,-1000.0,1000.0
H2O_mc_Night,-1000.0,1000.0
H2O_mc_Open,-1000.0,1000.0
H2O_pc_Close,-1000.0,1000.0
H2O_pc_Day,-1000.0,1000.0
H2O_pc_Night,-1000.0,1000.0
H2O_pc_Open,-1000.0,1000.0
H2O_tx_Close,-1.0249032131264788,-1.0249032131185065
H2O_tx_Day,1.1209471434773703,1.1209471434231886
H2O_tx_Night,-8.318612335266728,-8.31861233526297
H2O_tx_Open,0.3025684049228876,0.30256840489838566
H2O_xc_Close,0.0,0.0
H2O_xc_Day,0.8836546288255599,0.8836546288611377
H2O_xc_Night,0.0,0.0
H2O_xc_Open,0.055232834362328204,0.05523283436274574
HEXOKINASE_RXN_MANNOSE_c_Close,0.0,0.0
HEXOKINASE_RXN_MANNOSE_c_Day,0.0,0.0
HEXOKINASE_RXN_MANNOSE_c_Night,0.0,0.0
HEXOKINASE_RXN_MANNOSE_c_Open,0.0,0.0
HISTALDEHYD_RXN_p_Close,0.0,0.0
HISTALDEHYD_RXN_p_Day,0.0,0.0
HISTALDEHYD_RXN_p_Night,0.0,0.0
HISTALDEHYD_RXN_p_Open,0.0,0.0
HISTAMINOTRANS_RXN_p_Close,0.0,0.0
HISTAMINOTRANS_RXN_p_Day,0.0,0.0
HISTAMINOTRANS_RXN_p_Night,0.0,0.0
HISTAMINOTRANS_RXN_p_Open,0.0,0.0
HISTCYCLOHYD_RXN_p_Close,0.0,0.0
HISTCYCLOHYD_RXN_p_Day,0.0,0.0
HISTCYCLOHYD_RXN_p_Night,0.0,0.0
HISTCYCLOHYD_RXN_p_Open,0.0,0.0
HISTIDINE_TRNA_LIGASE_RXN_c_Close,0.0,0.0
HISTIDINE_TRNA_LIGASE_RXN_c_Day,0.0,0.0
HISTIDINE_TRNA_LIGASE_RXN_c_Night,0.0,0.0
HISTIDINE_TRNA_LIGASE_RXN_c_Open,0.0,0.0
HISTIDPHOS_RXN_p_Close,0.0,0.0
HISTIDPHOS_RXN_p_Day,0.0,0.0
HISTIDPHOS_RXN_p_Night,0.0,0.0
HISTIDPHOS_RXN_p_Open,0.0,0.0
HISTOLDEHYD_RXN_p_Close,0.0,0.0
HISTOLDEHYD_RXN_p_Day,0.0,0.0
HISTOLDEHYD_RXN_p_Night,0.0,0.0
HISTOLDEHYD_RXN_p_Open,0.0,0.0
HISTPRATPHYD_RXN_p_Close,0.0,0.0
HISTPRATPHYD_RXN_p_Day,0.0,0.0
HISTPRATPHYD_RXN_p_Night,0.0,0.0
HISTPRATPHYD_RXN_p_Open,0.0,0.0
HIS_CITRULLINE_mc_Close,-1000.0,1000.0
HIS_CITRULLINE_mc_Day,-1000.0,1000.0
HIS_CITRULLINE_mc_Night,-1000.0,1000.0
HIS_CITRULLINE_mc_Open,-1000.0,1000.0
HIS_ORNITHINE_mc_Close,-1000.0,1000.0
HIS_ORNITHINE_mc_Day,-1000.0,1000.0
HIS_ORNITHINE_mc_Night,-1000.0,1000.0
HIS_ORNITHINE_mc_Open,-1000.0,1000.0
HIS_PROTON_rev_vc_Close,0.0,0.045720505568171824
HIS_PROTON_rev_vc_Day,0.0,1.0023008861439722
HIS_PROTON_rev_vc_Night,0.0,0.0
HIS_PROTON_rev_vc_Open,0.0,0.0
HIS_PROTON_vc_Close,0.0,0.045720505612743774
HIS_PROTON_vc_Day,0.0,1.002300886179971
HIS_PROTON_vc_Night,0.0,0.0
HIS_PROTON_vc_Open,0.0,0.0
HIS_pc_Close,0.0,0.0
HIS_pc_Day,0.0,0.0
HIS_pc_Night,0.0,0.0
HIS_pc_Open,0.0,0.0
HOMOCYSMETB12_RXN_c_Close,0.0,0.0
HOMOCYSMETB12_RXN_c_Day,0.0,0.0
HOMOCYSMETB12_RXN_c_Night,0.0,0.0
HOMOCYSMETB12_RXN_c_Open,0.0,0.0
HOMOCYSMETB12_RXN_p_Close,0.0,0.0
HOMOCYSMETB12_RXN_p_Day,0.0,0.0
HOMOCYSMETB12_RXN_p_Night,0.0,0.0
HOMOCYSMETB12_RXN_p_Open,0.0,0.0
HOMOSERDEHYDROG_RXN_NADP_p_Close,0.0,0.0
HOMOSERDEHYDROG_RXN_NADP_p_Day,0.0,0.0
HOMOSERDEHYDROG_RXN_NADP_p_Night,0.0,0.0
HOMOSERDEHYDROG_RXN_NADP_p_Open,0.0,0.0
HOMOSERDEHYDROG_RXN_NAD_p_Close,0.0,0.0
HOMOSERDEHYDROG_RXN_NAD_p_Day,0.0,0.0
HOMOSERDEHYDROG_RXN_NAD_p_Night,0.0,0.0
HOMOSERDEHYDROG_RXN_NAD_p_Open,0.0,0.0
HOMOSERKIN_RXN_p_Close,0.0,0.0
HOMOSERKIN_RXN_p_Day,0.0,0.0
HOMOSERKIN_RXN_p_Night,0.0,0.0
HOMOSERKIN_RXN_p_Open,0.0,0.0
HOMO_CYS_pc_Close,0.0,0.0
HOMO_CYS_pc_Day,0.0,0.0
HOMO_CYS_pc_Night,0.0,0.0
HOMO_CYS_pc_Open,0.0,0.0
HS_pc_Close,0.0,0.0
HS_pc_Day,0.0,0.0
HS_pc_Night,0.0,0.0
HS_pc_Open,0.0,0.0
HYDROXYPYRUVATE_REDUCTASE_RXN_NAD_x_Close,0.0,0.0
HYDROXYPYRUVATE_REDUCTASE_RXN_NAD_x_Day,0.4418273144310261,0.44182731443136714
HYDROXYPYRUVATE_REDUCTASE_RXN_NAD_x_Night,0.0,0.0
HYDROXYPYRUVATE_REDUCTASE_RXN_NAD_x_Open,0.027616417181273525,0.027616417181702407
H_CloseNight_storage,0.0,999.3624999999904
H_DayClose_storage,0.6374999999719633,1000.0
H_NightOpen_storage,0.0,999.3624999999896
H_OpenDay_storage,0.6374999999658396,1000.0
H_ec_Close,0.0,0.0
H_ec_Day,0.0,0.0
H_ec_Night,0.0,0.0
H_ec_Open,0.0,0.0
H_ic_Close,-9.487426732874196,0.0
H_ic_Day,-68.99554489837537,-0.4418273144533451
H_ic_Night,-86.96731077775557,0.0
H_ic_Open,-8.267724931155879,-0.027616417182959596
H_im_Close,0.0,0.0
H_im_Day,0.0,0.0
H_im_Night,0.0,0.0
H_im_Open,0.0,0.0
H_pc_Close,-0.24352027402771853,0.020019357388038145
H_pc_Day,-18.564240350574664,-18.122413035997056
H_pc_Night,-2.117464958188655,0.22687124540477982
H_pc_Open,-2.1829803893682556,-2.1209664507041395
H_tx_Close,0.0,0.0
H_tx_Day,0.0,0.0
H_tx_Night,0.0,0.0
H_tx_Open,0.0,0.0
H_vc_Close,0.0,0.09144101116214753
H_vc_Day,0.0,2.0046017723345355
H_vc_Night,0.0,0.0
H_vc_Open,0.0,0.0
H_xc_Close,0.0,0.0
H_xc_Day,0.0,0.0
H_xc_Night,0.0,0.0
H_xc_Open,0.0,0.0
IGPSYN_RXN_p_Close,0.0,0.0
IGPSYN_RXN_p_Day,0.0,0.0
IGPSYN_RXN_p_Night,0.0,0.0
IGPSYN_RXN_p_Open,0.0,0.0
ILE_PROTON_rev_vc_Close,0.0,0.045720505577080656
ILE_PROTON_rev_vc_Day,0.0,1.002300886135482
ILE_PROTON_rev_vc_Night,0.0,0.0
ILE_PROTON_rev_vc_Open,0.0,0.0
ILE_PROTON_vc_Close,0.0,0.045720505586755146
ILE_PROTON_vc_Day,0.0,1.002300886165557
ILE_PROTON_vc_Night,0.0,0.0
ILE_PROTON_vc_Open,0.0,0.0
ILE_pc_Close,0.0,0.0
ILE_pc_Day,0.0,0.0
ILE_pc_Night,0.0,0.0
ILE_pc_Open,0.0,0.0
IMIDPHOSDEHYD_RXN_p_Close,0.0,0.0
IMIDPHOSDEHYD_RXN_p_Day,0.0,0.0
IMIDPHOSDEHYD_RXN_p_Night,0.0,0.0
IMIDPHOSDEHYD_RXN_p_Open,0.0,0.0
IMPCYCLOHYDROLASE_RXN_p_Close,0.0,0.0
IMPCYCLOHYDROLASE_RXN_p_Day,0.0,0.0
IMPCYCLOHYDROLASE_RXN_p_Night,0.0,0.0
IMPCYCLOHYDROLASE_RXN_p_Open,0.0,0.0
INORGPYROPHOSPHAT_RXN_c_Close,0.0,0.09144101116281231
INORGPYROPHOSPHAT_RXN_c_Day,0.0,2.0046017722717218
INORGPYROPHOSPHAT_RXN_c_Night,0.0,0.0
INORGPYROPHOSPHAT_RXN_c_Open,0.0,0.0
INORGPYROPHOSPHAT_RXN_p_Close,0.02001935737010306,0.020019357397629375
INORGPYROPHOSPHAT_RXN_p_Day,1.8081894288604734,1.808189428695426
INORGPYROPHOSPHAT_RXN_p_Night,0.0,0.0
INORGPYROPHOSPHAT_RXN_p_Open,0.0,0.0
INORGPYROPHOSPHAT_RXN_x_Close,0.0,0.0
INORGPYROPHOSPHAT_RXN_x_Day,0.0,0.0
INORGPYROPHOSPHAT_RXN_x_Night,0.0,0.0
INORGPYROPHOSPHAT_RXN_x_Open,0.0,0.0
ISOCITDEH_RXN_c_Close,-0.054996763751200994,-0.05499676373995044
ISOCITDEH_RXN_c_Day,-3.503900347250306,-3.5039003472780905
ISOCITDEH_RXN_c_Night,-1.6133066347072802,-1.6133066346746088
ISOCITDEH_RXN_c_Open,-0.31853639519656923,-0.31853639520098415
ISOCITDEH_RXN_m_Close,0.3185363952076356,0.3185363952070796
ISOCITDEH_RXN_m_Day,3.5039003471938184,3.5039003472626002
ISOCITDEH_RXN_m_Night,3.50390034727815,3.503900347278661
ISOCITDEH_RXN_m_Open,0.3185363952193781,0.31853639522116595
ISOCITRATE_ACONITATE_mc_Close,-1000.0,1000.0
ISOCITRATE_ACONITATE_mc_Day,-1000.0,1000.0
ISOCITRATE_ACONITATE_mc_Night,-1000.0,1000.0
ISOCITRATE_ACONITATE_mc_Open,-1000.0,1000.0
ISOCITRATE_DEHYDROGENASE_NAD_RXN_m_Close,0.0,0.0
ISOCITRATE_DEHYDROGENASE_NAD_RXN_m_Day,0.0,0.0
ISOCITRATE_DEHYDROGENASE_NAD_RXN_m_Night,0.0,0.0
ISOCITRATE_DEHYDROGENASE_NAD_RXN_m_Open,0.0,0.0
ISOCIT_CLEAV_RXN_x_Close,0.0,0.0
ISOCIT_CLEAV_RXN_x_Day,0.0,0.0
ISOCIT_CLEAV_RXN_x_Night,0.0,0.0
ISOCIT_CLEAV_RXN_x_Open,0.0,0.0
ISOLEUCINE_TRNA_LIGASE_RXN_c_Close,0.0,0.0
ISOLEUCINE_TRNA_LIGASE_RXN_c_Day,0.0,0.0
ISOLEUCINE_TRNA_LIGASE_RXN_c_Night,0.0,0.0
ISOLEUCINE_TRNA_LIGASE_RXN_c_Open,0.0,0.0
K_CloseNight_storage,0.0,0.0
K_DayClose_storage,0.7499999999670144,0.7499999999999999
K_NightOpen_storage,0.0,0.0
K_OpenDay_storage,0.7500000000862138,0.7499999999986193
K_biomass_Close,0.0,0.0
K_biomass_Day,0.0,0.0
K_biomass_Night,0.0,0.0
K_biomass_Open,0.0,0.0
K_ec_Close,0.0,0.0
K_ec_Day,0.0,0.0
K_ec_Night,0.0,0.0
K_ec_Open,0.7499999999808544,0.7500000000259247
K_rev_ec_Close,0.7499999999922122,0.750000000002572
K_rev_ec_Day,0.0,0.0
K_rev_ec_Night,0.0,0.0
K_rev_ec_Open,0.0,0.0
K_rev_vc_Close,0.0,0.09144101114430117
K_rev_vc_Day,0.0,2.004601772317229
K_rev_vc_Night,0.0,0.0
K_rev_vc_Open,0.7499999999924468,0.749999999959188
K_tx_Close,-0.7499999999784932,-0.7500000000291177
K_tx_Day,1.5508130312039775e-10,0.0
K_tx_Night,0.0,0.0
K_tx_Open,0.7499999999994982,0.750000000046843
K_vc_Close,0.7499999999922122,0.8414410111621784
K_vc_Day,0.0,2.004601772343169
K_vc_Night,0.0,0.0
K_vc_Open,0.0,0.0
LEUCINE_TRNA_LIGASE_RXN_c_Close,0.0,0.0
LEUCINE_TRNA_LIGASE_RXN_c_Day,0.0,0.0
LEUCINE_TRNA_LIGASE_RXN_c_Night,0.0,0.0
LEUCINE_TRNA_LIGASE_RXN_c_Open,0.0,0.0
LEU_PROTON_rev_vc_Close,0.0,0.04572050556990961
LEU_PROTON_rev_vc_Day,0.0,1.0023008860954752
LEU_PROTON_rev_vc_Night,0.0,0.0
LEU_PROTON_rev_vc_Open,0.0,0.0
LEU_PROTON_vc_Close,0.0,0.04572050557741503
LEU_PROTON_vc_Day,0.0,1.0023008861169775
LEU_PROTON_vc_Night,0.0,0.0
LEU_PROTON_vc_Open,0.0,0.0
LEU_pc_Close,0.0,0.0
LEU_pc_Day,0.0,0.0
LEU_pc_Night,0.0,0.0
LEU_pc_Open,0.0,0.0
LYSINE_TRNA_LIGASE_RXN_c_Close,0.0,0.0
LYSINE_TRNA_LIGASE_RXN_c_Day,0.0,0.0
LYSINE_TRNA_LIGASE_RXN_c_Night,0.0,0.0
LYSINE_TRNA_LIGASE_RXN_c_Open,0.0,0.0
LYS_ORNITHINE_mc_Close,-1000.0,1000.0
LYS_ORNITHINE_mc_Day,-1000.0,1000.0
LYS_ORNITHINE_mc_Night,-1000.0,1000.0
LYS_ORNITHINE_mc_Open,-1000.0,1000.0
LYS_PROTON_rev_vc_Close,0.0,0.04572050557396513
LYS_PROTON_rev_vc_Day,0.0,1.0023008861582592
LYS_PROTON_rev_vc_Night,0.0,0.0
LYS_PROTON_rev_vc_Open,0.0,0.0
LYS_PROTON_vc_Close,0.0,0.045720505581075876
LYS_PROTON_vc_Day,0.0,1.0023008861672678
LYS_PROTON_vc_Night,0.0,0.0
LYS_PROTON_vc_Open,0.0,0.0
LYS_pc_Close,0.0,0.0
LYS_pc_Day,0.0,0.0
LYS_pc_Night,0.0,0.0
LYS_pc_Open,0.0,0.0
L_ALPHA_ALANINE_PROTON_rev_vc_Close,0.0,0.045720505563100644
L_ALPHA_ALANINE_PROTON_rev_vc_Day,0.0,1.0023008861391678
L_ALPHA_ALANINE_PROTON_rev_vc_Night,0.0,0.0
L_ALPHA_ALANINE_PROTON_rev_vc_Open,0.0,0.0
L_ALPHA_ALANINE_PROTON_vc_Close,0.0,0.04572050558290795
L_ALPHA_ALANINE_PROTON_vc_Day,0.0,1.0023008861602498
L_ALPHA_ALANINE_PROTON_vc_Night,0.0,0.0
L_ALPHA_ALANINE_PROTON_vc_Open,0.0,0.0
L_ASCORBATE_PEROXIDASE_RXN_p_Close,0.0,0.0
L_ASCORBATE_PEROXIDASE_RXN_p_Day,0.0,0.0
L_ASCORBATE_PEROXIDASE_RXN_p_Night,0.0,0.0
L_ASCORBATE_PEROXIDASE_RXN_p_Open,0.0,0.0
L_ASPARTATE_GLU_mc_Close,-1000.0,1000.0000000000001
L_ASPARTATE_GLU_mc_Day,-1000.0,1000.0
L_ASPARTATE_GLU_mc_Night,-1000.0,1000.0
L_ASPARTATE_GLU_mc_Open,-1000.0,1000.0
L_ASPARTATE_PROTON_rev_vc_Close,0.0,0.045720505572227475
L_ASPARTATE_PROTON_rev_vc_Day,0.0,1.0023008861446934
L_ASPARTATE_PROTON_rev_vc_Night,0.0,0.0
L_ASPARTATE_PROTON_rev_vc_Open,0.0,0.0
L_ASPARTATE_PROTON_vc_Close,0.0,0.04572050559616289
L_ASPARTATE_PROTON_vc_Day,0.0,1.002300886159406
L_ASPARTATE_PROTON_vc_Night,0.0,0.0
L_ASPARTATE_PROTON_vc_Open,0.0,0.0
L_ASPARTATE_pc_Close,-0.2635396313972341,0.0
L_ASPARTATE_pc_Day,0.0,0.0
L_ASPARTATE_pc_Night,0.0,0.0
L_ASPARTATE_pc_Open,0.0,0.0
L_ASPARTATE_xc_Close,-1000.0,1000.0
L_ASPARTATE_xc_Day,-999.5581726855737,999.5581726855693
L_ASPARTATE_xc_Night,-1000.0,1000.0
L_ASPARTATE_xc_Open,-999.9723835828325,999.9723835828194
L_CITRULLINE_pc_Close,0.0,0.0
L_CITRULLINE_pc_Day,0.0,0.0
L_CITRULLINE_pc_Night,0.0,0.0
L_CITRULLINE_pc_Open,0.0,0.0
MALATE_DEHYDROGENASE_NADPs_RXN_p_Close,0.0,0.0
MALATE_DEHYDROGENASE_NADPs_RXN_p_Day,0.0,20.93240948383104
MALATE_DEHYDROGENASE_NADPs_RXN_p_Night,0.0,0.0
MALATE_DEHYDROGENASE_NADPs_RXN_p_Open,0.0,1.9029463166901261
MALATE_DEH_RXN_c_Close,-999.8685202740924,1000.0
MALATE_DEH_RXN_c_Day,-986.3647895891373,988.4435603440069
MALATE_DEH_RXN_c_Night,-999.9999999999476,998.1094062874564
MALATE_DEH_RXN_c_Open,-999.3408797126398,998.1134899225154
MALATE_DEH_RXN_m_Close,0.2635396307148324,0.2635396315022109
MALATE_DEH_RXN_m_Day,6.413544443960419,6.41354444395699
MALATE_DEH_RXN_m_Night,3.7811874251191284,3.781187425344654
MALATE_DEH_RXN_m_Open,0.7963944342116734,0.7963944342062942
MALATE_DEH_RXN_p_Close,-999.8885396318677,999.9799806426258
MALATE_DEH_RXN_p_Day,-995.2989321023828,1000.0
MALATE_DEH_RXN_p_Night,-1000.0,998.10940628753
MALATE_DEH_RXN_p_Open,-999.3125007738909,1000.0
MALATE_DEH_RXN_x_Close,0.0,0.0
MALATE_DEH_RXN_x_Day,0.4418273144308902,0.44182731443048245
MALATE_DEH_RXN_x_Night,0.0,0.0
MALATE_DEH_RXN_x_Open,0.027616417181781747,0.02761641718122948
MALIC_NADP_RXN_c_Close,0.0,0.26353963147610154
MALIC_NADP_RXN_c_Day,0.0,0.0
MALIC_NADP_RXN_c_Night,0.0,0.0
MALIC_NADP_RXN_c_Open,0.0,0.017198760698874715
MALIC_NADP_RXN_p_Close,0.0,0.2635396315807544
MALIC_NADP_RXN_p_Day,0.0,-1.2789769243681858e-10
MALIC_NADP_RXN_p_Night,0.0,0.0
MALIC_NADP_RXN_p_Open,0.0,0.0
MALIC_NAD_RXN_m_Close,0.0,0.0
MALIC_NAD_RXN_m_Day,0.0,0.0
MALIC_NAD_RXN_m_Night,0.0,0.0
MALIC_NAD_RXN_m_Open,0.0,0.0
MALONYL_COA_ACP_TRANSACYL_RXN_p_Close,0.0,0.0
MALONYL_COA_ACP_TRANSACYL_RXN_p_Day,0.0,0.0
MALONYL_COA_ACP_TRANSACYL_RXN_p_Night,0.0,0.0
MALONYL_COA_ACP_TRANSACYL_RXN_p_Open,0.0,0.0
MALSYN_RXN_x_Close,0.0,0.0
MALSYN_RXN_x_Day,0.0,0.0
MALSYN_RXN_x_Night,0.0,0.0
MALSYN_RXN_x_Open,0.0,0.0
MALTODEG_RXN_c_Close,0.0,0.0
MALTODEG_RXN_c_Day,0.0,0.0
MALTODEG_RXN_c_Night,0.0,0.0
MALTODEG_RXN_c_Open,0.0,0.0
MALTODEXGLUCOSID_RXN_p_Close,0.0,0.0
MALTODEXGLUCOSID_RXN_p_Day,0.0,0.0
MALTODEXGLUCOSID_RXN_p_Night,0.0,0.0
MALTODEXGLUCOSID_RXN_p_Open,0.0,0.0
MAL_ACONITATE_mc_Close,-1000.0,1000.0
MAL_ACONITATE_mc_Day,-1000.0,1000.0
MAL_ACONITATE_mc_Night,-1000.0,1000.0
MAL_ACONITATE_mc_Open,-1000.0,1000.0
MAL_CIT_mc_Close,-1000.0,1000.0
MAL_CIT_mc_Day,-1000.0,1000.0
MAL_CIT_mc_Night,-1000.0,1000.0
MAL_CIT_mc_Open,-1000.0,1000.0
MAL_CIT_vc_Close,-0.030480337050562505,0.4207205055988485
MAL_CIT_vc_Day,-0.6682005907665335,1.0023008861553366
MAL_CIT_vc_Night,0.0,0.0
MAL_CIT_vc_Open,0.0,0.0
MAL_ISOCITRATE_mc_Close,-1000.0,1000.0
MAL_ISOCITRATE_mc_Day,-1000.0,1000.0
MAL_ISOCITRATE_mc_Night,-1000.0,1000.0
MAL_ISOCITRATE_mc_Open,-1000.0,1000.0
MAL_PROTON_rev_vc_Close,0.0,0.42072050557831325
MAL_PROTON_rev_vc_Day,0.0,1.0023008861294849
MAL_PROTON_rev_vc_Night,0.0,0.0
MAL_PROTON_rev_vc_Open,0.0,0.0
MAL_PROTON_vc_Close,0.0,0.045720505579171296
MAL_PROTON_vc_Day,0.0,1.002300886159253
MAL_PROTON_vc_Night,0.0,0.0
MAL_PROTON_vc_Open,0.3749999999944808,0.37499999999766254
MAL_Pi_mc_Close,-1000.0,1000.0
MAL_Pi_mc_Day,-1000.0,1000.0
MAL_Pi_mc_Night,-1000.0,1000.0
MAL_Pi_mc_Open,-1000.0,1000.0
MAL_SO4_mc_Close,-1000.0,1000.0
MAL_SO4_mc_Day,-1000.0,1000.0
MAL_SO4_mc_Night,-1000.0,1000.0
MAL_SO4_mc_Open,-1000.0,1000.0
MAL_SUC_mc_Close,-1000.0,1000.0
MAL_SUC_mc_Day,-1000.0,1000.0
MAL_SUC_mc_Night,-1000.0,1000.0
MAL_SUC_mc_Open,-1000.0,1000.0
MAL_ec_Close,0.0,0.0
MAL_ec_Day,0.0,0.0
MAL_ec_Night,0.0,0.0
MAL_ec_Open,0.0,0.0
MAL_rev_ec_Close,0.0,0.0
MAL_rev_ec_Day,0.0,0.0
MAL_rev_ec_Night,0.0,0.0
MAL_rev_ec_Open,0.0,0.0
MAL_tx_Close,0.0,0.0
MAL_tx_Day,0.0,0.0
MAL_tx_Night,0.0,0.0
MAL_tx_Open,0.0,0.0
MAL_xc_Close,0.0,0.0
MAL_xc_Day,-0.4418273144313835,-0.44182731443570417
MAL_xc_Night,0.0,0.0
MAL_xc_Open,-0.027616417181810793,-0.027616417174185448
MANNITOL_1_PHOSPHATE_RXN_c_Close,0.0,0.0
MANNITOL_1_PHOSPHATE_RXN_c_Day,0.0,0.0
MANNITOL_1_PHOSPHATE_RXN_c_Night,0.0,0.0
MANNITOL_1_PHOSPHATE_RXN_c_Open,0.0,0.0
MANNOSE_6_PHOSPHATE_6_REDUCTASE_RXN_c_Close,0.0,0.0
MANNOSE_6_PHOSPHATE_6_REDUCTASE_RXN_c_Day,0.0,0.0
MANNOSE_6_PHOSPHATE_6_REDUCTASE_RXN_c_Night,0.0,0.0
MANNOSE_6_PHOSPHATE_6_REDUCTASE_RXN_c_Open,0.0,0.0
MANNPGUANYLTRANGDP_RXN_c_Close,0.0,0.0
MANNPGUANYLTRANGDP_RXN_c_Day,0.0,0.0
MANNPGUANYLTRANGDP_RXN_c_Night,0.0,0.22687124550618926
MANNPGUANYLTRANGDP_RXN_c_Open,0.0,0.017198760718535322
MANNPISOM_RXN_c_Close,0.0,0.0
MANNPISOM_RXN_c_Day,0.0,0.0
MANNPISOM_RXN_c_Night,0.0,0.0
MANNPISOM_RXN_c_Open,0.0,0.0
MDA_Fd_Ascorbate_p_Close,0.0,0.0
MDA_Fd_Ascorbate_p_Day,0.0,0.0
MDA_Fd_Ascorbate_p_Night,0.0,0.0
MDA_Fd_Ascorbate_p_Open,0.0,0.0
METHENYLTHFCYCLOHYDRO_RXN_c_Close,0.0,-1.7565403278594748e-10
METHENYLTHFCYCLOHYDRO_RXN_c_Day,0.0,0.0
METHENYLTHFCYCLOHYDRO_RXN_c_Night,0.0,0.0
METHENYLTHFCYCLOHYDRO_RXN_c_Open,0.0,0.0
METHIONINE_TRNA_LIGASE_RXN_c_Close,0.0,0.0
METHIONINE_TRNA_LIGASE_RXN_c_Day,0.0,0.0
METHIONINE_TRNA_LIGASE_RXN_c_Night,0.0,0.0
METHIONINE_TRNA_LIGASE_RXN_c_Open,0.0,0.0
METHYLENETHFDEHYDROG_NADP_RXN_c_Close,0.0,-1.756540327859475e-10
METHYLENETHFDEHYDROG_NADP_RXN_c_Day,0.0,0.0
METHYLENETHFDEHYDROG_NADP_RXN_c_Night,0.0,0.0
METHYLENETHFDEHYDROG_NADP_RXN_c_Open,0.0,0.0
METHYLENE_THF_mc_Close,-1000.0,1000.0
METHYLENE_THF_mc_Day,-999.1163453711366,1000.0
METHYLENE_THF_mc_Night,-1000.0,999.9999999999894
METHYLENE_THF_mc_Open,-999.9447671656375,1000.0
METHYLENE_THF_pc_Close,-1000.0,1000.0
METHYLENE_THF_pc_Day,-1000.0,1000.0
METHYLENE_THF_pc_Night,-1000.0000000000003,1000.0
METHYLENE_THF_pc_Open,-1000.0000000000026,1000.0
MET_PROTON_rev_vc_Close,0.0,0.04572050559616289
MET_PROTON_rev_vc_Day,0.0,1.002300886159406
MET_PROTON_rev_vc_Night,0.0,0.0
MET_PROTON_rev_vc_Open,0.0,0.0
MET_PROTON_vc_Close,0.0,0.045720505572227475
MET_PROTON_vc_Day,0.0,1.0023008861446934
MET_PROTON_vc_Night,0.0,0.0
MET_PROTON_vc_Open,0.0,0.0
MET_pc_Close,0.0,0.0
MET_pc_Day,0.0,0.0
MET_pc_Night,0.0,0.0
MET_pc_Open,0.0,0.0
MG2_rev_vc_Close,0.0,0.0
MG2_rev_vc_Day,0.0,0.0
MG2_rev_vc_Night,0.0,0.0
MG2_rev_vc_Open,0.0,0.0
MYO_INOSITOL_1OR_4_MONOPHOSPHATASE_RXN_c_Close,0.0,0.0
MYO_INOSITOL_1OR_4_MONOPHOSPHATASE_RXN_c_Day,0.0,0.0
MYO_INOSITOL_1OR_4_MONOPHOSPHATASE_RXN_c_Night,0.0,0.0
MYO_INOSITOL_1OR_4_MONOPHOSPHATASE_RXN_c_Open,0.0,0.0
MYO_INOSITOL_1_PHOSPHATE_SYNTHASE_RXN_c_Close,0.0,0.0
MYO_INOSITOL_1_PHOSPHATE_SYNTHASE_RXN_c_Day,0.0,0.0
MYO_INOSITOL_1_PHOSPHATE_SYNTHASE_RXN_c_Night,0.0,0.0
MYO_INOSITOL_1_PHOSPHATE_SYNTHASE_RXN_c_Open,0.0,0.0
MYO_INOSITOL_OXYGENASE_RXN_c_Close,0.0,0.0
MYO_INOSITOL_OXYGENASE_RXN_c_Day,0.0,0.0
MYO_INOSITOL_OXYGENASE_RXN_c_Night,0.0,0.0
MYO_INOSITOL_OXYGENASE_RXN_c_Open,0.0,0.0
Malate_CloseNight_storage,0.0,0.0
Malate_DayClose_storage,0.37499999998350714,0.37499999999999994
Malate_NightOpen_storage,0.0,0.0
Malate_OpenDay_storage,0.37499999997894207,0.3749999999993096
Mehler_Reaction_p_Close,0.0,0.0
Mehler_Reaction_p_Day,0.0,0.0
Mehler_Reaction_p_Night,0.0,0.0
Mehler_Reaction_p_Open,0.0,0.0
Mg_biomass_Close,0.0,0.0
Mg_biomass_Day,0.0,0.0
Mg_biomass_Night,0.0,0.0
Mg_biomass_Open,0.0,0.0
Mg_ec_Close,0.0,0.0
Mg_ec_Day,0.0,0.0
Mg_ec_Night,0.0,0.0
Mg_ec_Open,0.0,0.0
Mg_tx_Close,0.0,0.0
Mg_tx_Day,0.0,0.0
Mg_tx_Night,0.0,0.0
Mg_tx_Open,0.0,0.0
Mitochondrial_ATP_Synthase_m_Close,0.9487426732796163,0.9487426732855919
Mitochondrial_ATP_Synthase_m_Day,6.899554489832848,6.899554489832109
Mitochondrial_ATP_Synthase_m_Night,8.696731077777182,8.69673107778535
Mitochondrial_ATP_Synthase_m_Open,0.8267724930914899,0.8267724931064695
NADH_DEHYDROG_A_RXN_mc_Close,0.0,0.7906188944047314
NADH_DEHYDROG_A_RXN_mc_Day,0.0,6.8553717583950755
NADH_DEHYDROG_A_RXN_mc_Night,0.0,7.562374850237486
NADH_DEHYDROG_A_RXN_mc_Open,0.0,0.8240108513899954
NADH_DEHYDROG_A_RXN_mi_Close,0.0,0.7906188943971928
NADH_DEHYDROG_A_RXN_mi_Day,0.0,6.855371758384055
NADH_DEHYDROG_A_RXN_mi_Night,0.0,7.562374850235409
NADH_DEHYDROG_A_RXN_mi_Open,0.0,0.8240108513967376
NADH_KINASE_RXN_c_Close,0.0,0.0
NADH_KINASE_RXN_c_Day,0.0,7.007800694547541
NADH_KINASE_RXN_c_Night,0.0,0.0
NADH_KINASE_RXN_c_Open,0.0,0.6370727903852388
NADPH_Dehydrogenase_p_Close,0.0,0.0
NADPH_Dehydrogenase_p_Day,0.0,0.0
NADPH_Dehydrogenase_p_Night,0.0,0.0
NADPH_Dehydrogenase_p_Open,0.0,0.0
NADPHoxc_tx_Close,0.31853639520704746,0.31853639520704746
NADPHoxc_tx_Day,3.503900347277522,3.503900347277522
NADPHoxc_tx_Night,3.503900347277522,3.503900347277522
NADPHoxc_tx_Open,0.31853639520704746,0.31853639520704746
NADPHoxm_tx_Close,0.31853639520704746,0.31853639520704746
NADPHoxm_tx_Day,3.503900347277522,3.503900347277522
NADPHoxm_tx_Night,3.503900347277522,3.503900347277522
NADPHoxm_tx_Open,0.31853639520704746,0.31853639520704746
NADPHoxp_tx_Close,0.31853639520704746,0.31853639520704746
NADPHoxp_tx_Day,3.503900347277522,3.503900347277522
NADPHoxp_tx_Night,3.503900347277522,3.503900347277522
NADPHoxp_tx_Open,0.31853639520704746,0.31853639520704746
NADPPHOSPHAT_RXN_c_Close,0.0,0.0
NADPPHOSPHAT_RXN_c_Day,0.0,7.007800694555863
NADPPHOSPHAT_RXN_c_Night,0.0,0.0
NADPPHOSPHAT_RXN_c_Open,0.0,0.6370727904148176
NH3_mc_Close,0.0,0.0
NH3_mc_Day,0.0,0.44182731441959733
NH3_mc_Night,0.0,0.0
NH3_mc_Open,0.0,0.027616417150652644
NH3_pc_Close,0.0,0.0
NH3_pc_Day,-0.4418273144367069,0.0
NH3_pc_Night,0.0,0.0
NH3_pc_Open,-0.02761641718444647,0.0
NH4_ec_Close,0.0,0.0
NH4_ec_Day,0.0,0.0
NH4_ec_Night,0.0,0.0
NH4_ec_Open,0.0,0.0
NH4_tx_Close,0.0,0.0
NH4_tx_Day,0.0,0.0
NH4_tx_Night,0.0,0.0
NH4_tx_Open,0.0,0.0
NH4_vc_Close,0.0,0.0
NH4_vc_Day,0.0,0.0
NH4_vc_Night,0.0,0.0
NH4_vc_Open,0.0,0.0
NITRATE_PROTON_rev_vc_Close,0.0,0.09144101114793025
NITRATE_PROTON_rev_vc_Day,0.0,2.0046017723165184
NITRATE_PROTON_rev_vc_Night,0.0,0.0
NITRATE_PROTON_rev_vc_Open,0.0,0.0
NITRATE_REDUCTASE_NADH_RXN_c_Close,0.0,0.0
NITRATE_REDUCTASE_NADH_RXN_c_Day,0.0,0.0
NITRATE_REDUCTASE_NADH_RXN_c_Night,0.0,0.0
NITRATE_REDUCTASE_NADH_RXN_c_Open,0.0,0.0
NITRATE_vc_Close,0.0,0.18288202231446826
NITRATE_vc_Day,0.0,4.009203544922979
NITRATE_vc_Night,0.0,0.0
NITRATE_vc_Open,0.0,1.742787008800597e-10
NITRITE_pc_Close,0.0,0.0
NITRITE_pc_Day,0.0,0.0
NITRITE_pc_Night,0.0,0.0
NITRITE_pc_Open,0.0,0.0
N_ACETYLGLUTPREDUCT_RXN_p_Close,0.0,0.0
N_ACETYLGLUTPREDUCT_RXN_p_Day,0.0,0.0
N_ACETYLGLUTPREDUCT_RXN_p_Night,0.0,0.0
N_ACETYLGLUTPREDUCT_RXN_p_Open,0.0,0.0
Nitrate_ec_Close,0.0,0.0
Nitrate_ec_Day,0.0,0.0
Nitrate_ec_Night,0.0,0.0
Nitrate_ec_Open,0.0,0.0
Nitrate_tx_Close,0.0,0.0
Nitrate_tx_Day,0.0,0.0
Nitrate_tx_Night,0.0,0.0
Nitrate_tx_Open,0.0,0.0
O2_ec_Close,1.004883855743949,1.0048838557113413
O2_ec_Day,-2.209136572159764,-2.2091365721505403
O2_ec_Night,9.982334802315588,9.98233480231486
O2_ec_Open,-0.1380820859068198,-0.1380820858934726
O2_mc_Close,-0.6863474605364716,-0.6863474605370922
O2_mc_Day,-5.179636052834859,-5.1796360528316345
O2_mc_Night,-6.478434455037924,-6.478434455038275
O2_mc_Open,-0.5712736233020375,-0.5712736233002964
O2_pc_Close,-0.15926819759382424,-0.15926819760352373
O2_pc_Day,9.58255011305953,9.58255011305531
O2_pc_Night,-1.7519501736299659,-1.751950173638761
O2_pc_Open,0.8962403239942245,0.8962403239935723
O2_tx_Close,1.0048838557445394,1.0048838557416613
O2_tx_Day,-2.209136572153218,-2.2091365721536693
O2_tx_Night,9.982334802315943,9.982334802315275
O2_tx_Open,-0.1380820859069467,-0.1380820859080112
O2_xc_Close,0.0,0.0
O2_xc_Day,-0.44182731443138756,-0.44182731443180123
O2_xc_Night,0.0,0.0
O2_xc_Open,-0.027616417182034357,-0.027616417181310908
OAA_ACONITATE_mc_Close,-1000.0,1000.0
OAA_ACONITATE_mc_Day,-1000.0,1000.0
OAA_ACONITATE_mc_Night,-1000.0,1000.0
OAA_ACONITATE_mc_Open,-1000.0,1000.0
OAA_CIT_mc_Close,-1000.0,1000.0
OAA_CIT_mc_Day,-1000.0,1000.0
OAA_CIT_mc_Night,-1000.0,1000.0
OAA_CIT_mc_Open,-1000.0,1000.0
OAA_ISOCITRATE_mc_Close,-1000.0,1000.0
OAA_ISOCITRATE_mc_Day,-1000.0,1000.0
OAA_ISOCITRATE_mc_Night,-1000.0,1000.0
OAA_ISOCITRATE_mc_Open,-1000.0,1000.0
OAA_MAL_mc_Close,-1000.0,1000.0
OAA_MAL_mc_Day,-1000.0,1000.0
OAA_MAL_mc_Night,-1000.0,1000.0
OAA_MAL_mc_Open,-1000.0,1000.0
OAA_MAL_pc_Close,-999.8885396314668,1000.0
OAA_MAL_pc_Day,-995.2989321022509,979.5094178302919
OAA_MAL_pc_Night,-999.9999999994843,998.1094062874432
OAA_MAL_pc_Open,-999.3125007739354,998.12467010046
OAA_Pi_mc_Close,-1000.0,1000.0
OAA_Pi_mc_Day,-1000.0,1000.0
OAA_Pi_mc_Night,-1000.0,1000.0
OAA_Pi_mc_Open,-1000.0,1000.0
OAA_SO4_mc_Close,-1000.0,1000.0
OAA_SO4_mc_Day,-1000.0,1000.0
OAA_SO4_mc_Night,-1000.0,1000.0
OAA_SO4_mc_Open,-1000.0,1000.0
OAA_SUC_mc_Close,-1000.0,1000.0
OAA_SUC_mc_Day,-1000.0,1000.0
OAA_SUC_mc_Night,-1000.0,1000.0
OAA_SUC_mc_Open,-1000.0,1000.0
OAA_xc_Close,-1000.000000000005,999.9999999999995
OAA_xc_Day,-999.1163453711542,1000.0
OAA_xc_Night,-1000.0,1000.0
OAA_xc_Open,-999.9447671656409,1000.0
ORNCARBAMTRANSFER_RXN_p_Close,0.0,0.0
ORNCARBAMTRANSFER_RXN_p_Day,0.0,0.0
ORNCARBAMTRANSFER_RXN_p_Night,0.0,0.0
ORNCARBAMTRANSFER_RXN_p_Open,0.0,0.0
ORNITHINE_CITRULLINE_mc_Close,-1000.0,1000.0
ORNITHINE_CITRULLINE_mc_Day,-1000.0,1000.0
ORNITHINE_CITRULLINE_mc_Night,-1000.0,1000.0
ORNITHINE_CITRULLINE_mc_Open,-1000.0,1000.0
ORNITHINE_CITRULLINE_pc_Close,0.0,0.0
ORNITHINE_CITRULLINE_pc_Day,0.0,0.0
ORNITHINE_CITRULLINE_pc_Night,0.0,0.0
ORNITHINE_CITRULLINE_pc_Open,0.0,0.0
ORNITHINE_GLU_AMINOTRANSFORASE_RXN_m_Close,0.0,0.0
ORNITHINE_GLU_AMINOTRANSFORASE_RXN_m_Day,0.0,-1.280288695572665e-10
ORNITHINE_GLU_AMINOTRANSFORASE_RXN_m_Night,0.0,0.0
ORNITHINE_GLU_AMINOTRANSFORASE_RXN_m_Open,0.0,0.0
PALMITATE_pc_Close,0.0,0.0
PALMITATE_pc_Day,0.0,0.0
PALMITATE_pc_Night,0.0,0.0
PALMITATE_pc_Open,0.0,0.0
PEPCARBOXYKIN_RXN_c_Close,0.11146036875676303,0.1114603685142081
PEPCARBOXYKIN_RXN_c_Day,0.0,0.0
PEPCARBOXYKIN_RXN_c_Night,0.0,0.0
PEPCARBOXYKIN_RXN_c_Open,0.0,0.0
PEPCARBOX_RXN_c_Close,0.0,0.0
PEPCARBOX_RXN_c_Day,0.0,0.0
PEPCARBOX_RXN_c_Night,0.0,0.0
PEPCARBOX_RXN_c_Open,0.3749999999784479,0.39219876079216487
PEPDEPHOS_RXN_c_Close,0.0,0.0
PEPDEPHOS_RXN_c_Day,0.0,0.0
PEPDEPHOS_RXN_c_Night,0.0,2.1174649580627007
PEPDEPHOS_RXN_c_Open,0.0,0.01719876072075791
PEPDEPHOS_RXN_p_Close,0.0,0.0
PEPDEPHOS_RXN_p_Day,0.0,0.0
PEPDEPHOS_RXN_p_Night,0.0,2.1174649580437315
PEPDEPHOS_RXN_p_Open,0.0,0.017198760643850623
PEP_Pi_pc_Close,-1000.0000000000105,999.8885396314676
PEP_Pi_pc_Day,-1000.0,1000.0
PEP_Pi_pc_Night,-1000.0,1000.0
PEP_Pi_pc_Open,-999.6421987607207,999.9999999999976
PGLUCISOM_RXN_c_Close,-0.09144101115701377,1.1384733678663483e-10
PGLUCISOM_RXN_c_Day,-3.4446017723196265,-1.4399999999895747
PGLUCISOM_RXN_c_Night,0.0,0.22687124550586457
PGLUCISOM_RXN_c_Open,-1.221388726168456e-10,0.0171987606946866
PGLUCISOM_RXN_p_Close,-0.23428431872287564,-0.14284330755792712
PGLUCISOM_RXN_p_Day,0.35181057127181337,2.3564123436348026
PGLUCISOM_RXN_p_Night,-2.873702442933071,-2.6468311975830696
PGLUCISOM_RXN_p_Open,0.14728755830048346,0.16448631891241483
PGLYCDEHYDROG_RXN_p_Close,0.0,0.0
PGLYCDEHYDROG_RXN_p_Day,0.0,0.0
PGLYCDEHYDROG_RXN_p_Night,-2.453930392221082e-10,0.0
PGLYCDEHYDROG_RXN_p_Open,0.0,0.0
PHENYLALANINE_TRNA_LIGASE_RXN_c_Close,0.0,0.0
PHENYLALANINE_TRNA_LIGASE_RXN_c_Day,0.0,0.0
PHENYLALANINE_TRNA_LIGASE_RXN_c_Night,0.0,0.0
PHENYLALANINE_TRNA_LIGASE_RXN_c_Open,0.0,0.0
PHE_PROTON_rev_vc_Close,0.0,0.045720505590570004
PHE_PROTON_rev_vc_Day,0.0,1.0023008861366964
PHE_PROTON_rev_vc_Night,0.0,0.0
PHE_PROTON_rev_vc_Open,0.0,0.0
PHE_PROTON_vc_Close,0.0,0.045720505577080656
PHE_PROTON_vc_Day,0.0,1.002300886135482
PHE_PROTON_vc_Night,0.0,0.0
PHE_PROTON_vc_Open,0.0,0.0
PHE_pc_Close,0.0,0.0
PHE_pc_Day,0.0,0.0
PHE_pc_Night,0.0,0.0
PHE_pc_Open,0.0,0.0
PHOSGLYPHOS_RXN_c_Close,-999.8685202742512,1000.0
PHOSGLYPHOS_RXN_c_Day,-993.3725902835431,988.4435603439757
PHOSGLYPHOS_RXN_c_Night,-1000.0,998.1094062874364
PHOSGLYPHOS_RXN_c_Open,-999.9607537422801,998.113489922443
PHOSGLYPHOS_RXN_p_Close,-999.8885396314606,999.97998064278
PHOSGLYPHOS_RXN_p_Day,-974.8083499329342,1000.0
PHOSGLYPHOS_RXN_p_Night,-1000.0,998.1094062874309
PHOSGLYPHOS_RXN_p_Open,-997.4371708743579,1000.0
PHOSPHOGLUCMUT_RXN_c_Close,-1.2047240645841983e-10,0.0
PHOSPHOGLUCMUT_RXN_c_Day,0.72000000009524,0.7200000000019668
PHOSPHOGLUCMUT_RXN_c_Night,0.0,0.0
PHOSPHOGLUCMUT_RXN_c_Open,0.0,0.0
PHOSPHOGLUCMUT_RXN_p_Close,-0.020019357454916717,-0.020019357363390104
PHOSPHOGLUCMUT_RXN_p_Day,-1.8081894288677887,-1.8081894286830966
PHOSPHOGLUCMUT_RXN_p_Night,1.6637224671738906,1.6637224670524204
PHOSPHOGLUCMUT_RXN_p_Open,0.1644863190544584,0.16448631890781756
PHOSPHORIBULOKINASE_RXN_p_Close,0.0,0.0
PHOSPHORIBULOKINASE_RXN_p_Day,3.5346185154318426,3.5346185154404646
PHOSPHORIBULOKINASE_RXN_p_Night,0.0,0.0
PHOSPHORIBULOKINASE_RXN_p_Open,0.22093133745041227,0.22093133745969168
PLASTOQUINOL_PLASTOCYANIN_REDUCTASE_RXN_p_Close,0.0,0.0
PLASTOQUINOL_PLASTOCYANIN_REDUCTASE_RXN_p_Day,24.4363098311108,24.436309831110137
PLASTOQUINOL_PLASTOCYANIN_REDUCTASE_RXN_p_Night,0.0,0.0
PLASTOQUINOL_PLASTOCYANIN_REDUCTASE_RXN_p_Open,2.221482711917554,2.2214827119107836
PRAISOM_RXN_p_Close,0.0,0.0
PRAISOM_RXN_p_Day,0.0,0.0
PRAISOM_RXN_p_Night,0.0,0.0
PRAISOM_RXN_p_Open,0.0,0.0
PREPHENATEDEHYDROG_RXN_p_Close,0.0,0.0
PREPHENATEDEHYDROG_RXN_p_Day,0.0,0.0
PREPHENATEDEHYDROG_RXN_p_Night,0.0,0.0
PREPHENATEDEHYDROG_RXN_p_Open,0.0,0.0
PREPHENATE_DEHYDROGENASE_NADP_RXN_p_Close,0.0,0.0
PREPHENATE_DEHYDROGENASE_NADP_RXN_p_Day,0.0,0.0
PREPHENATE_DEHYDROGENASE_NADP_RXN_p_Night,0.0,0.0
PREPHENATE_DEHYDROGENASE_NADP_RXN_p_Open,0.0,0.0
PREPHENATE_TRANSAMINE_RXN_p_Close,0.0,0.0
PREPHENATE_TRANSAMINE_RXN_p_Day,0.0,0.0
PREPHENATE_TRANSAMINE_RXN_p_Night,0.0,0.0
PREPHENATE_TRANSAMINE_RXN_p_Open,0.0,0.0
PRIBFAICARPISOM_RXN_p_Close,0.0,0.0
PRIBFAICARPISOM_RXN_p_Day,0.0,0.0
PRIBFAICARPISOM_RXN_p_Night,0.0,0.0
PRIBFAICARPISOM_RXN_p_Open,0.0,0.0
PROTONATP_rev_vc_Close,0.0,0.0
PROTONATP_rev_vc_Day,0.0,0.0
PROTONATP_rev_vc_Night,0.0,0.0
PROTONATP_rev_vc_Open,0.7500000000096574,0.7500000000027001
PROTON_ATPase_c_Close,0.0,0.0
PROTON_ATPase_c_Day,0.72,0.719999999916944
PROTON_ATPase_c_Night,0.0,0.0
PROTON_ATPase_c_Open,0.749999999989506,0.7499999999924966
PROTON_PPi_rev_vc_Close,0.0,0.09144101117201876
PROTON_PPi_rev_vc_Day,0.0,2.004601772499945
PROTON_PPi_rev_vc_Night,0.0,0.0
PROTON_PPi_rev_vc_Open,0.0,-1.672901817073572e-10
PRO_GLU_mc_Close,0.0,0.0
PRO_GLU_mc_Day,3.7971403799019754e-10,0.0
PRO_GLU_mc_Night,0.0,0.0
PRO_GLU_mc_Open,0.0,0.0
PRO_PROTON_rev_vc_Close,0.0,0.04572050559616289
PRO_PROTON_rev_vc_Day,0.0,1.002300886159406
PRO_PROTON_rev_vc_Night,0.0,0.0
PRO_PROTON_rev_vc_Open,0.0,0.0
PRO_PROTON_vc_Close,0.0,0.04572050556648921
PRO_PROTON_vc_Day,0.0,1.0023008861733587
PRO_PROTON_vc_Night,0.0,0.0
PRO_PROTON_vc_Open,0.0,0.0
PRO_mc_Close,0.0,0.0
PRO_mc_Day,1.5784374119574234e-10,0.0
PRO_mc_Night,0.0,0.0
PRO_mc_Open,0.0,0.0
PRPPSYN_RXN_p_Close,0.0,0.0
PRPPSYN_RXN_p_Day,0.0,0.0
PRPPSYN_RXN_p_Night,0.0,0.0
PRPPSYN_RXN_p_Open,0.0,0.0
PRTRANS_RXN_p_Close,0.0,0.0
PRTRANS_RXN_p_Day,0.0,0.0
PRTRANS_RXN_p_Night,0.0,0.0
PRTRANS_RXN_p_Open,0.0,0.0
PSERTRANSAM_RXN_p_Close,0.0,0.0
PSERTRANSAM_RXN_p_Day,0.0,0.0
PSERTRANSAM_RXN_p_Night,0.0,0.0
PSERTRANSAM_RXN_p_Open,0.0,0.0
PSII_RXN_p_Close,0.0,0.0
PSII_RXN_p_Day,12.21815491555299,12.218154915556944
PSII_RXN_p_Night,0.0,0.0
PSII_RXN_p_Open,1.110741355953172,1.1107413559597223
PYRROLINECARBREDUCT_RXN_NADP_c_Close,0.0,0.0
PYRROLINECARBREDUCT_RXN_NADP_c_Day,0.0,0.0
PYRROLINECARBREDUCT_RXN_NADP_c_Night,0.0,0.0
PYRROLINECARBREDUCT_RXN_NADP_c_Open,0.0,0.0
PYRROLINECARBREDUCT_RXN_NAD_c_Close,0.0,0.0
PYRROLINECARBREDUCT_RXN_NAD_c_Day,0.0,0.0
PYRROLINECARBREDUCT_RXN_NAD_c_Night,0.0,0.0
PYRROLINECARBREDUCT_RXN_NAD_c_Open,0.0,0.0
PYRUVATEORTHOPHOSPHATE_DIKINASE_RXN_c_Close,0.0,0.0
PYRUVATEORTHOPHOSPHATE_DIKINASE_RXN_c_Day,0.0,0.0
PYRUVATEORTHOPHOSPHATE_DIKINASE_RXN_c_Night,0.0,0.22687124552049387
PYRUVATEORTHOPHOSPHATE_DIKINASE_RXN_c_Open,0.0,0.0171987606697296
PYRUVATEORTHOPHOSPHATE_DIKINASE_RXN_p_Close,0.0,0.0
PYRUVATEORTHOPHOSPHATE_DIKINASE_RXN_p_Day,0.0,0.0
PYRUVATEORTHOPHOSPHATE_DIKINASE_RXN_p_Night,0.0,0.0
PYRUVATEORTHOPHOSPHATE_DIKINASE_RXN_p_Open,0.0,0.0
PYRUVATE_PROTON_mc_Close,-0.263539631465546,-0.26353963156971033
PYRUVATE_PROTON_mc_Day,0.0,0.0
PYRUVATE_PROTON_mc_Night,-1.8905937125645045,-1.8905937125574157
PYRUVATE_PROTON_mc_Open,0.0,0.0
PYRUVATE_pc_Close,0.0,0.2635396314771608
PYRUVATE_pc_Day,0.0,0.0
PYRUVATE_pc_Night,0.0,2.1174649580493328
PYRUVATE_pc_Open,0.0,0.017198760721678703
PYRUVDEH_RXN_m_Close,0.2635396314591637,0.26353963146640585
PYRUVDEH_RXN_m_Day,0.0,0.0
PYRUVDEH_RXN_m_Night,1.8905937125593804,1.8905937125599226
PYRUVDEH_RXN_m_Open,0.0,0.0
PYRUVDEH_RXN_p_Close,0.0,0.0
PYRUVDEH_RXN_p_Day,0.0,0.0
PYRUVDEH_RXN_p_Night,0.0,0.0
PYRUVDEH_RXN_p_Open,0.0,0.0
Phloem_output_tx_Close,0.0,0.0
Phloem_output_tx_Day,0.0,0.0
Phloem_output_tx_Night,0.0,0.0
Phloem_output_tx_Open,0.0,0.0
Photon_ep_Close,0.0,0.0
Photon_ep_Day,97.74523932447212,97.74523932445555
Photon_ep_Night,0.0,0.0
Photon_ep_Open,8.885930847677528,8.885930847677779
Photon_tx_Close,0.0,0.0
Photon_tx_Day,97.74523932445415,97.74523932445555
Photon_tx_Night,0.0,0.0
Photon_tx_Open,8.885930847677384,8.885930847677779
Pi_PROTON_mc_Close,-3.1097676513575867,-3.109767651285326
Pi_PROTON_mc_Day,-20.69866346941535,-20.25683615510468
Pi_PROTON_mc_Night,-27.980786945901173,-27.980786945921373
Pi_PROTON_mc_Open,-2.4803174794104734,-2.45270106215783
Pi_ec_Close,0.0,0.0
Pi_ec_Day,0.0,0.0
Pi_ec_Night,0.0,0.0
Pi_ec_Open,0.0,0.0
Pi_tx_Close,0.0,0.0
Pi_tx_Day,0.0,0.0
Pi_tx_Night,0.0,0.0
Pi_tx_Open,0.0,0.0
Pi_xc_Close,0.0,0.0
Pi_xc_Day,0.0,0.0
Pi_xc_Night,0.0,0.0
Pi_xc_Open,0.0,0.0
Plastidial_ATP_Synthase_p_Close,0.0,0.0
Plastidial_ATP_Synthase_p_Day,10.472704213333753,10.47270421333569
Plastidial_ATP_Synthase_p_Night,0.0,0.0
Plastidial_ATP_Synthase_p_Open,0.952064019393965,0.9520640193953028
Plastoquinol_Oxidase_p_Close,0.0,0.0
Plastoquinol_Oxidase_p_Day,0.0,0.0
Plastoquinol_Oxidase_p_Night,0.0,0.0
Plastoquinol_Oxidase_p_Open,0.0,0.0
Protein_Polymerisation_c_Close,0.0,0.0
Protein_Polymerisation_c_Day,0.0,0.0
Protein_Polymerisation_c_Night,0.0,0.0
Protein_Polymerisation_c_Open,0.0,0.0
Protein_Processing_c_Close,0.0,0.0
Protein_Processing_c_Day,0.0,0.0
Protein_Processing_c_Night,0.0,0.0
Protein_Processing_c_Open,0.0,0.0
Protein_Translocation_c_Close,0.0,0.0
Protein_Translocation_c_Day,0.0,0.0
Protein_Translocation_c_Night,0.0,0.0
Protein_Translocation_c_Open,0.0,0.0
RIB5PISOM_RXN_p_Close,-0.07142165377544164,-0.0714216537808531
RIB5PISOM_RXN_p_Day,1.1782061717984849,1.178206171814736
RIB5PISOM_RXN_p_Night,-1.4368512215404239,-1.4368512215462463
RIB5PISOM_RXN_p_Open,0.0736437791502721,0.07364377915119431
RIBULOSE_BISPHOSPHATE_CARBOXYLASE_RXN_p_Close,0.0,0.0
RIBULOSE_BISPHOSPHATE_CARBOXYLASE_RXN_p_Day,2.650963886599592,2.650963886583631
RIBULOSE_BISPHOSPHATE_CARBOXYLASE_RXN_p_Night,0.0,0.0
RIBULOSE_BISPHOSPHATE_CARBOXYLASE_RXN_p_Open,0.16569850309104928,0.16569850308765127
RIBULP3EPIM_RXN_c_Close,0.054996763720763,0.18676657947520425
RIBULP3EPIM_RXN_c_Day,0.0,0.0
RIBULP3EPIM_RXN_c_Night,2.5586034909949102,2.558603490978751
RIBULP3EPIM_RXN_c_Open,0.0,0.0
RIBULP3EPIM_RXN_p_Close,-0.043923271888972576,0.08784654381718235
RIBULP3EPIM_RXN_p_Day,-2.356412343631513,-2.356412343638348
RIBULP3EPIM_RXN_p_Night,0.31509895209524763,0.31509895209623195
RIBULP3EPIM_RXN_p_Open,-0.147287558299941,-0.1472875583000305
RXN0_1483_c_Close,0.0,0.0
RXN0_1483_c_Day,0.0,0.0
RXN0_1483_c_Night,0.0,0.0
RXN0_1483_c_Open,0.0,0.0
RXN0_2381_p_Close,0.0,0.0
RXN0_2381_p_Day,0.0,0.0
RXN0_2381_p_Night,0.0,0.0
RXN0_2381_p_Open,0.0,0.0
RXN0_2382_p_Close,0.0,0.0
RXN0_2382_p_Day,0.0,0.0
RXN0_2382_p_Night,0.0,0.0
RXN0_2382_p_Open,0.0,0.0
RXN0_5114_p_Close,0.0,0.0
RXN0_5114_p_Day,0.0,0.0
RXN0_5114_p_Night,0.0,0.0
RXN0_5114_p_Open,0.0,0.0
RXN0_5184_c_Close,0.0,0.0
RXN0_5184_c_Day,0.0,0.0
RXN0_5184_c_Night,0.0,0.0
RXN0_5184_c_Open,0.0,0.0
RXN0_5224_c_Close,0.0,0.0
RXN0_5224_c_Day,0.0,0.0
RXN0_5224_c_Night,0.0,0.0
RXN0_5224_c_Open,0.374999999955442,0.3921987607438076
RXN0_5224_p_Close,0.0,0.0
RXN0_5224_p_Day,0.0,0.0
RXN0_5224_p_Night,0.0,0.0
RXN0_5224_p_Open,0.0,0.0
RXN0_5260_m_Close,0.0,0.0
RXN0_5260_m_Day,0.0,0.0
RXN0_5260_m_Night,0.0,0.0
RXN0_5260_m_Open,0.0,0.0
RXN0_5330_NADP_c_Close,0.0,0.0
RXN0_5330_NADP_c_Day,0.0,0.0
RXN0_5330_NADP_c_Night,0.0,0.0
RXN0_5330_NADP_c_Open,0.0,0.0
RXN0_5330_NADP_mc_Close,0.0,0.0
RXN0_5330_NADP_mc_Day,0.0,0.0
RXN0_5330_NADP_mc_Night,0.0,0.0
RXN0_5330_NADP_mc_Open,0.0,0.0
RXN0_5330_NADP_mi_Close,0.0,0.0
RXN0_5330_NADP_mi_Day,0.0,0.0
RXN0_5330_NADP_mi_Night,0.0,0.0
RXN0_5330_NADP_mi_Open,0.0,0.0
RXN0_5330_NAD_c_Close,0.0,0.0
RXN0_5330_NAD_c_Day,0.0,0.0
RXN0_5330_NAD_c_Night,0.0,0.0
RXN0_5330_NAD_c_Open,0.0,0.0
RXN0_5330_NAD_mc_Close,0.0,0.0
RXN0_5330_NAD_mc_Day,0.0,0.0
RXN0_5330_NAD_mc_Night,0.0,0.0
RXN0_5330_NAD_mc_Open,0.0,0.0
RXN0_5330_NAD_mi_Close,0.0,0.0
RXN0_5330_NAD_mi_Day,0.0,0.0
RXN0_5330_NAD_mi_Night,0.0,0.0
RXN0_5330_NAD_mi_Open,0.0,1.4919031043271582e-10
RXN1F_66_p_Close,0.0,0.0
RXN1F_66_p_Day,0.0,0.0
RXN1F_66_p_Night,0.0,0.0
RXN1F_66_p_Open,0.0,0.0
RXN490_3650_p_Close,0.0,0.0
RXN490_3650_p_Day,48.87261966222882,48.872619662240275
RXN490_3650_p_Night,0.0,0.0
RXN490_3650_p_Open,4.442965423836287,4.4429654238177
RXN66_1_c_Close,0.0,0.0
RXN66_1_c_Day,0.0,0.0
RXN66_1_c_Night,0.0,0.0
RXN66_1_c_Open,0.0,0.0
RXN66_3_c_Close,0.0,0.0
RXN66_3_c_Day,0.0,0.0
RXN66_3_c_Night,0.0,0.0
RXN66_3_c_Open,0.0,0.0
RXN66_3_m_Close,0.0,0.0
RXN66_3_m_Day,0.0,0.0
RXN66_3_m_Night,0.0,0.0
RXN66_3_m_Open,0.0,0.0
RXN_10745_NAD_c_Close,0.0,0.0
RXN_10745_NAD_c_Day,0.0,0.0
RXN_10745_NAD_c_Night,0.0,0.0
RXN_10745_NAD_c_Open,0.0,0.0
RXN_10786_c_Close,0.0,0.0
RXN_10786_c_Day,0.0,0.0
RXN_10786_c_Night,0.0,0.22687124550390905
RXN_10786_c_Open,0.0,0.017198760672399345
RXN_12541_c_Close,0.0,0.0
RXN_12541_c_Day,0.0,0.0
RXN_12541_c_Night,0.0,0.0
RXN_12541_c_Open,0.0,0.0
RXN_14351_pc_Close,0.0,0.0
RXN_14351_pc_Day,0.0,0.0
RXN_14351_pc_Night,0.0,0.0
RXN_14351_pc_Open,0.0,0.0
RXN_1461_c_Close,0.0,0.0
RXN_1461_c_Day,0.0,0.0
RXN_1461_c_Night,0.0,0.0
RXN_1461_c_Open,0.0,0.0
RXN_1781_v_Close,0.0,0.0
RXN_1781_v_Day,0.0,0.0
RXN_1781_v_Night,0.0,0.0
RXN_1781_v_Open,0.0,0.0
RXN_1826_p_Close,0.0,0.0
RXN_1826_p_Day,0.0,0.0
RXN_1826_p_Night,1.6637224669905235,1.6637224671324131
RXN_1826_p_Open,0.1644863188936688,0.16448631897630445
RXN_1827_p_Close,0.0,0.0
RXN_1827_p_Day,0.0,0.0
RXN_1827_p_Night,0.0,0.0
RXN_1827_p_Open,0.0,0.0
RXN_1841_v_Close,0.0,0.0
RXN_1841_v_Day,0.0,0.0
RXN_1841_v_Night,0.0,0.0
RXN_1841_v_Open,0.0,0.0
RXN_2141_p_Close,0.0,0.0
RXN_2141_p_Day,0.0,0.0
RXN_2141_p_Night,0.0,0.0
RXN_2141_p_Open,0.0,0.0
RXN_3521_p_Close,0.0,0.0
RXN_3521_p_Day,0.0,0.0
RXN_3521_p_Night,0.0,0.0
RXN_3521_p_Open,0.0,0.0
RXN_3522_p_Close,0.0,0.0
RXN_3522_p_Day,0.0,0.0
RXN_3522_p_Night,0.0,0.0
RXN_3522_p_Open,0.0,0.0
RXN_3523_p_Close,0.0,0.0
RXN_3523_p_Day,0.0,0.0
RXN_3523_p_Night,0.0,0.0
RXN_3523_p_Open,0.0,0.0
RXN_5682_p_Close,0.0,0.0
RXN_5682_p_Day,0.0,0.0
RXN_5682_p_Night,0.0,0.0
RXN_5682_p_Open,0.0,0.0
RXN_6883_mc_Close,0.0,0.0
RXN_6883_mc_Day,0.0,0.0
RXN_6883_mc_Night,0.0,0.0
RXN_6883_mc_Open,0.0,0.0
RXN_6883_mi_Close,0.0,0.0
RXN_6883_mi_Day,0.0,0.0
RXN_6883_mi_Night,0.0,0.0
RXN_6883_mi_Open,0.0,0.0
RXN_6884_m_Close,0.0,0.0
RXN_6884_m_Day,0.0,0.0
RXN_6884_m_Night,0.0,0.0
RXN_6884_m_Open,0.0,0.0
RXN_6902_m_Close,0.0,0.0
RXN_6902_m_Day,0.0,0.0
RXN_6902_m_Night,0.0,0.0
RXN_6902_m_Open,0.0,0.0
RXN_7183_NADP_m_Close,0.0,0.0
RXN_7183_NADP_m_Day,0.0,0.0
RXN_7183_NADP_m_Night,0.0,0.0
RXN_7183_NADP_m_Open,0.0,0.0
RXN_7674_p_Close,0.0,0.0
RXN_7674_p_Day,0.0,0.0
RXN_7674_p_Night,0.0,0.0
RXN_7674_p_Open,0.0,0.0
RXN_7676_p_Close,0.0,0.0
RXN_7676_p_Day,0.0,0.0
RXN_7676_p_Night,0.0,0.0
RXN_7676_p_Open,0.0,0.0
RXN_7677_p_Close,0.0,0.0
RXN_7677_p_Day,0.0,0.0
RXN_7677_p_Night,0.0,0.0
RXN_7677_p_Open,0.0,0.0
RXN_7678_NADP_p_Close,0.0,0.0
RXN_7678_NADP_p_Day,0.0,0.0
RXN_7678_NADP_p_Night,0.0,0.0
RXN_7678_NADP_p_Open,0.0,0.0
RXN_7678_NAD_p_Close,0.0,0.0
RXN_7678_NAD_p_Day,0.0,0.0
RXN_7678_NAD_p_Night,0.0,0.0
RXN_7678_NAD_p_Open,0.0,0.0
RXN_7679_p_Close,0.0,0.0
RXN_7679_p_Day,0.0,0.0
RXN_7679_p_Night,0.0,0.0
RXN_7679_p_Open,0.0,0.0
RXN_7737_p_Close,0.0,0.0
RXN_7737_p_Day,0.0,0.0
RXN_7737_p_Night,0.0,0.0
RXN_7737_p_Open,0.0,0.0
RXN_7800_p_Close,0.0,0.0
RXN_7800_p_Day,0.0,0.0
RXN_7800_p_Night,0.0,0.0
RXN_7800_p_Open,0.0,0.0
RXN_7978_p_Close,0.0,0.0
RXN_7978_p_Day,0.0,0.0
RXN_7978_p_Night,0.0,0.0
RXN_7978_p_Open,0.0,0.0
RXN_7979_p_Close,0.0,0.0
RXN_7979_p_Day,0.0,0.0
RXN_7979_p_Night,0.0,0.0
RXN_7979_p_Open,0.0,0.0
RXN_7984_p_Close,0.0,0.0
RXN_7984_p_Day,0.0,0.0
RXN_7984_p_Night,0.0,0.0
RXN_7984_p_Open,0.0,0.0
RXN_7985_p_Close,0.0,0.0
RXN_7985_p_Day,0.0,0.0
RXN_7985_p_Night,0.0,0.0
RXN_7985_p_Open,0.0,0.0
RXN_8001_p_Close,0.0,0.0
RXN_8001_p_Day,0.0,0.0
RXN_8001_p_Night,0.0,0.0
RXN_8001_p_Open,0.0,0.0
RXN_8991_p_Close,0.0,0.0
RXN_8991_p_Day,0.0,0.0
RXN_8991_p_Night,0.0,0.0
RXN_8991_p_Open,0.0,0.0
RXN_9104_c_Close,0.0,0.0
RXN_9104_c_Day,0.0,0.0
RXN_9104_c_Night,0.0,0.0
RXN_9104_c_Open,0.0,0.0
RXN_9514_p_Close,0.0,0.0
RXN_9514_p_Day,0.0,0.0
RXN_9514_p_Night,0.0,0.0
RXN_9514_p_Open,0.0,0.0
RXN_9516_p_Close,0.0,0.0
RXN_9516_p_Day,0.0,0.0
RXN_9516_p_Night,0.0,0.0
RXN_9516_p_Open,0.0,0.0
RXN_9518_p_Close,0.0,0.0
RXN_9518_p_Day,0.0,0.0
RXN_9518_p_Night,0.0,0.0
RXN_9518_p_Open,0.0,0.0
RXN_9520_p_Close,0.0,0.0
RXN_9520_p_Day,0.0,0.0
RXN_9520_p_Night,0.0,0.0
RXN_9520_p_Open,0.0,0.0
RXN_9523_p_Close,0.0,0.0
RXN_9523_p_Day,0.0,0.0
RXN_9523_p_Night,0.0,0.0
RXN_9523_p_Open,0.0,0.0
RXN_9524_p_Close,0.0,0.0
RXN_9524_p_Day,0.0,0.0
RXN_9524_p_Night,0.0,0.0
RXN_9524_p_Open,0.0,0.0
RXN_9527_p_Close,0.0,0.0
RXN_9527_p_Day,0.0,0.0
RXN_9527_p_Night,0.0,0.0
RXN_9527_p_Open,0.0,0.0
RXN_9528_p_Close,0.0,0.0
RXN_9528_p_Day,0.0,0.0
RXN_9528_p_Night,0.0,0.0
RXN_9528_p_Open,0.0,0.0
RXN_9531_p_Close,0.0,0.0
RXN_9531_p_Day,0.0,0.0
RXN_9531_p_Night,0.0,0.0
RXN_9531_p_Open,0.0,0.0
RXN_9532_p_Close,0.0,0.0
RXN_9532_p_Day,0.0,0.0
RXN_9532_p_Night,0.0,0.0
RXN_9532_p_Open,0.0,0.0
RXN_9533_p_Close,0.0,0.0
RXN_9533_p_Day,0.0,0.0
RXN_9533_p_Night,0.0,0.0
RXN_9533_p_Open,0.0,0.0
RXN_9535_p_Close,0.0,0.0
RXN_9535_p_Day,0.0,0.0
RXN_9535_p_Night,0.0,0.0
RXN_9535_p_Open,0.0,0.0
RXN_9536_p_Close,0.0,0.0
RXN_9536_p_Day,0.0,0.0
RXN_9536_p_Night,0.0,0.0
RXN_9536_p_Open,0.0,0.0
RXN_9537_p_Close,0.0,0.0
RXN_9537_p_Day,0.0,0.0
RXN_9537_p_Night,0.0,0.0
RXN_9537_p_Open,0.0,0.0
RXN_9539_p_Close,0.0,0.0
RXN_9539_p_Day,0.0,0.0
RXN_9539_p_Night,0.0,0.0
RXN_9539_p_Open,0.0,0.0
RXN_9540_p_Close,0.0,0.0
RXN_9540_p_Day,0.0,0.0
RXN_9540_p_Night,0.0,0.0
RXN_9540_p_Open,0.0,0.0
RXN_9549_p_Close,0.0,0.0
RXN_9549_p_Day,0.0,0.0
RXN_9549_p_Night,0.0,0.0
RXN_9549_p_Open,0.0,0.0
RXN_961_p_Close,0.0,0.0
RXN_961_p_Day,0.8836546288613135,0.883654628860203
RXN_961_p_Night,0.0,0.0
RXN_961_p_Open,0.05523283436084817,0.055232834361990085
RXN_9648_p_Close,0.0,0.0
RXN_9648_p_Day,0.0,0.0
RXN_9648_p_Night,0.0,0.0
RXN_9648_p_Open,0.0,0.0
RXN_9650_p_Close,0.0,0.0
RXN_9650_p_Day,0.0,0.0
RXN_9650_p_Night,0.0,0.0
RXN_9650_p_Open,0.0,0.0
RXN_9651_p_Close,0.0,0.0
RXN_9651_p_Day,0.0,0.0
RXN_9651_p_Night,0.0,0.0
RXN_9651_p_Open,0.0,0.0
RXN_9652_p_Close,0.0,0.0
RXN_9652_p_Day,0.0,0.0
RXN_9652_p_Night,0.0,0.0
RXN_9652_p_Open,0.0,0.0
RXN_9653_p_Close,0.0,0.0
RXN_9653_p_Day,0.0,0.0
RXN_9653_p_Night,0.0,0.0
RXN_9653_p_Open,0.0,0.0
RXN_9654_p_Close,0.0,0.0
RXN_9654_p_Day,0.0,0.0
RXN_9654_p_Night,0.0,0.0
RXN_9654_p_Open,0.0,0.0
RXN_9655_p_Close,0.0,0.0
RXN_9655_p_Day,0.0,0.0
RXN_9655_p_Night,0.0,0.0
RXN_9655_p_Open,0.0,0.0
RXN_9657_p_Close,0.0,0.0
RXN_9657_p_Day,0.0,0.0
RXN_9657_p_Night,0.0,0.0
RXN_9657_p_Open,0.0,0.0
RXN_9658_p_Close,0.0,0.0
RXN_9658_p_Day,0.0,0.0
RXN_9658_p_Night,0.0,0.0
RXN_9658_p_Open,0.0,0.0
RXN_9659_p_Close,0.0,0.0
RXN_9659_p_Day,0.0,0.0
RXN_9659_p_Night,0.0,0.0
RXN_9659_p_Open,0.0,0.0
RXN_9660_p_Close,0.0,0.0
RXN_9660_p_Day,0.0,0.0
RXN_9660_p_Night,0.0,0.0
RXN_9660_p_Open,0.0,0.0
RXN_9661_p_Close,0.0,0.0
RXN_9661_p_Day,0.0,0.0
RXN_9661_p_Night,0.0,0.0
RXN_9661_p_Open,0.0,0.0
RXN_9662_p_Close,0.0,0.0
RXN_9662_p_Day,0.0,0.0
RXN_9662_p_Night,0.0,0.0
RXN_9662_p_Open,0.0,0.0
RXN_9663_p_Close,0.0,0.0
RXN_9663_p_Day,0.0,0.0
RXN_9663_p_Night,0.0,0.0
RXN_9663_p_Open,0.0,0.0
RXN_969_x_Close,0.0,0.0
RXN_969_x_Day,0.8836546288617804,0.8836546288629389
RXN_969_x_Night,0.0,0.0
RXN_969_x_Open,0.05523283436356349,0.055232834362454075
SEDOBISALDOL_RXN_p_Close,0.0,0.09144101115495708
SEDOBISALDOL_RXN_p_Day,0.0,2.0046017722831166
SEDOBISALDOL_RXN_p_Night,0.0,0.0
SEDOBISALDOL_RXN_p_Open,0.0,0.0
SEDOHEPTULOSE_BISPHOSPHATASE_RXN_p_Close,0.0,0.09144101116078218
SEDOHEPTULOSE_BISPHOSPHATASE_RXN_p_Day,0.0,2.0046017723496283
SEDOHEPTULOSE_BISPHOSPHATASE_RXN_p_Night,0.0,0.0
SEDOHEPTULOSE_BISPHOSPHATASE_RXN_p_Open,0.0,0.0
SERINE_GLYOXYLATE_AMINOTRANSFERASE_RXN_x_Close,0.0,0.0
SERINE_GLYOXYLATE_AMINOTRANSFERASE_RXN_x_Day,0.4418273144305895,0.4418273144302102
SERINE_GLYOXYLATE_AMINOTRANSFERASE_RXN_x_Night,0.0,0.0
SERINE_GLYOXYLATE_AMINOTRANSFERASE_RXN_x_Open,0.027616417181223568,0.027616417181366884
SERINE_O_ACETTRAN_RXN_c_Close,0.0,0.0
SERINE_O_ACETTRAN_RXN_c_Day,0.0,0.0
SERINE_O_ACETTRAN_RXN_c_Night,0.0,0.0
SERINE_O_ACETTRAN_RXN_c_Open,0.0,0.0
SERINE_O_ACETTRAN_RXN_p_Close,0.0,0.0
SERINE_O_ACETTRAN_RXN_p_Day,0.0,0.0
SERINE_O_ACETTRAN_RXN_p_Night,0.0,0.0
SERINE_O_ACETTRAN_RXN_p_Open,0.0,0.0
SERINE_TRNA_LIGASE_RXN_c_Close,0.0,0.0
SERINE_TRNA_LIGASE_RXN_c_Day,0.0,0.0
SERINE_TRNA_LIGASE_RXN_c_Night,0.0,0.0
SERINE_TRNA_LIGASE_RXN_c_Open,0.0,0.0
SER_PROTON_rev_vc_Close,0.0,0.04572050556175622
SER_PROTON_rev_vc_Day,0.0,1.0023008861459175
SER_PROTON_rev_vc_Night,0.0,0.0
SER_PROTON_rev_vc_Open,0.0,0.0
SER_PROTON_vc_Close,0.0,0.04572050558332606
SER_PROTON_vc_Day,0.0,1.002300886160017
SER_PROTON_vc_Night,0.0,0.0
SER_PROTON_vc_Open,0.0,0.0
SER_mc_Close,-1000.0,1000.0
SER_mc_Day,-999.5581726855729,999.5581726855694
SER_mc_Night,-1000.0,999.9999999999998
SER_mc_Open,-999.9723835828187,999.9723835828249
SER_pc_Close,-1000.0,1000.0
SER_pc_Day,-1000.0000000000034,1000.0
SER_pc_Night,-1000.0,1000.0
SER_pc_Open,-1000.0000000000057,1000.0
SER_xc_Close,0.0,0.0
SER_xc_Day,-0.44182731443026263,-0.44182731443106343
SER_xc_Night,0.0,0.0
SER_xc_Open,-0.027616417181950355,-0.02761641718126804
SHIKIMATE_5_DEHYDROGENASE_RXN_p_Close,0.0,0.0
SHIKIMATE_5_DEHYDROGENASE_RXN_p_Day,0.0,0.0
SHIKIMATE_5_DEHYDROGENASE_RXN_p_Night,0.0,0.0
SHIKIMATE_5_DEHYDROGENASE_RXN_p_Open,0.0,0.0
SHIKIMATE_KINASE_RXN_p_Close,0.0,0.0
SHIKIMATE_KINASE_RXN_p_Day,0.0,0.0
SHIKIMATE_KINASE_RXN_p_Night,0.0,0.0
SHIKIMATE_KINASE_RXN_p_Open,0.0,0.0
SO4_ec_Close,0.0,0.0
SO4_ec_Day,0.0,0.0
SO4_ec_Night,0.0,0.0
SO4_ec_Open,0.0,0.0
SO4_pc_Close,0.0,0.0
SO4_pc_Day,0.0,0.0
SO4_pc_Night,0.0,0.0
SO4_pc_Open,0.0,0.0
SO4_tx_Close,0.0,0.0
SO4_tx_Day,0.0,0.0
SO4_tx_Night,0.0,0.0
SO4_tx_Open,0.0,0.0
SPONTPRO_RXN_c_Close,0.0,0.0
SPONTPRO_RXN_c_Day,0.0,0.0
SPONTPRO_RXN_c_Night,0.0,0.0
SPONTPRO_RXN_c_Open,0.0,0.0
SPONTPRO_RXN_m_Close,0.0,0.0
SPONTPRO_RXN_m_Day,0.0,0.0
SPONTPRO_RXN_m_Night,0.0,0.0
SPONTPRO_RXN_m_Open,0.0,0.0
SUCCCOASYN_RXN_m_Close,0.0,0.2635396314652258
SUCCCOASYN_RXN_m_Day,0.0,0.0
SUCCCOASYN_RXN_m_Night,0.0,1.8905937125604169
SUCCCOASYN_RXN_m_Open,0.0,0.0
SUCCINATE_COA_LIGASE_GDP_FORMING_RXN_m_Close,0.0,0.2635396314774425
SUCCINATE_COA_LIGASE_GDP_FORMING_RXN_m_Day,0.0,0.0
SUCCINATE_COA_LIGASE_GDP_FORMING_RXN_m_Night,0.0,1.8905937125823584
SUCCINATE_COA_LIGASE_GDP_FORMING_RXN_m_Open,0.0,0.0
SUCCINATE_DEHYDROGENASE_UBIQUINONE_RXN_mc_Close,0.0,0.26353963148845383
SUCCINATE_DEHYDROGENASE_UBIQUINONE_RXN_mc_Day,0.0,0.0
SUCCINATE_DEHYDROGENASE_UBIQUINONE_RXN_mc_Night,0.0,1.8905937126088466
SUCCINATE_DEHYDROGENASE_UBIQUINONE_RXN_mc_Open,0.0,0.0
SUCCINATE_DEHYDROGENASE_UBIQUINONE_RXN_mi_Close,0.0,0.2635396314669931
SUCCINATE_DEHYDROGENASE_UBIQUINONE_RXN_mi_Day,0.0,0.0
SUCCINATE_DEHYDROGENASE_UBIQUINONE_RXN_mi_Night,0.0,1.8905937125569494
SUCCINATE_DEHYDROGENASE_UBIQUINONE_RXN_mi_Open,0.0,0.0
SUCCINATE_SEMIALDEHYDE_DEHYDROGENASE_RXN_m_Close,0.0,0.0
SUCCINATE_SEMIALDEHYDE_DEHYDROGENASE_RXN_m_Day,0.0,0.0
SUCCINATE_SEMIALDEHYDE_DEHYDROGENASE_RXN_m_Night,0.0,0.0
SUCCINATE_SEMIALDEHYDE_DEHYDROGENASE_RXN_m_Open,0.0,0.0
SUCCINYL_COA_HYDROLASE_RXN_m_Close,0.0,0.0
SUCCINYL_COA_HYDROLASE_RXN_m_Day,0.0,0.0
SUCCINYL_COA_HYDROLASE_RXN_m_Night,0.0,0.0
SUCCINYL_COA_HYDROLASE_RXN_m_Open,0.0,0.0
SUCROSE_PHOSPHATASE_RXN_c_Close,0.0,0.0
SUCROSE_PHOSPHATASE_RXN_c_Day,0.0,0.0
SUCROSE_PHOSPHATASE_RXN_c_Night,0.0,0.0
SUCROSE_PHOSPHATASE_RXN_c_Open,0.0,0.0
SUCROSE_PHOSPHATE_SYNTHASE_RXN_c_Close,0.0,0.0
SUCROSE_PHOSPHATE_SYNTHASE_RXN_c_Day,0.0,0.0
SUCROSE_PHOSPHATE_SYNTHASE_RXN_c_Night,0.0,0.0
SUCROSE_PHOSPHATE_SYNTHASE_RXN_c_Open,0.0,0.0
SUCROSE_PROTON_rev_vc_Close,0.0,0.04572050558700725
SUCROSE_PROTON_rev_vc_Day,0.0,1.0023008861498033
SUCROSE_PROTON_rev_vc_Night,0.0,0.0
SUCROSE_PROTON_rev_vc_Open,0.0,0.0
SUCROSE_PROTON_vc_Close,0.0,0.045720505581057
SUCROSE_PROTON_vc_Day,0.0,1.00230088611564
SUCROSE_PROTON_vc_Night,0.0,0.0
SUCROSE_PROTON_vc_Open,0.0,0.0
SUCROSE_SYNTHASE_RXN_c_Close,0.0,0.0
SUCROSE_SYNTHASE_RXN_c_Day,0.7200000000212226,0.7199999999640853
SUCROSE_SYNTHASE_RXN_c_Night,0.0,0.0
SUCROSE_SYNTHASE_RXN_c_Open,0.0,0.0
SUC_ACONITATE_mc_Close,-1000.0,1000.0
SUC_ACONITATE_mc_Day,-1000.0,1000.0
SUC_ACONITATE_mc_Night,-1000.0,1000.0
SUC_ACONITATE_mc_Open,-1000.0,1000.0
SUC_CIT_mc_Close,-1000.0,1000.0
SUC_CIT_mc_Day,-1000.0,1000.0
SUC_CIT_mc_Night,-1000.0,1000.0
SUC_CIT_mc_Open,-1000.0,1000.0
SUC_FUM_mc_Close,-1000.0000000000001,999.7364603685135
SUC_FUM_mc_Day,-1000.0,1000.0
SUC_FUM_mc_Night,-1000.0000000000001,998.1094062874405
SUC_FUM_mc_Open,-1000.0,1000.0
SUC_ISOCITRATE_mc_Close,-1000.0,1000.0
SUC_ISOCITRATE_mc_Day,-1000.0,1000.0
SUC_ISOCITRATE_mc_Night,-1000.0,1000.0
SUC_ISOCITRATE_mc_Open,-1000.0,1000.0
SUC_Pi_mc_Close,-1000.0,1000.0
SUC_Pi_mc_Day,-1000.0,1000.0
SUC_Pi_mc_Night,-1000.0,1000.0
SUC_Pi_mc_Open,-1000.0,1000.0
SUC_SO4_mc_Close,-1000.0,1000.0
SUC_SO4_mc_Day,-1000.0,1000.0
SUC_SO4_mc_Night,-1000.0,1000.0
SUC_SO4_mc_Open,-1000.0,1000.0
SUC_xc_Close,0.0,0.0
SUC_xc_Day,0.0,0.0
SUC_xc_Night,0.0,0.0
SUC_xc_Open,0.0,0.0
SULFATE_ADENYLYLTRANS_RXN_p_Close,0.0,0.0
SULFATE_ADENYLYLTRANS_RXN_p_Day,0.0,0.0
SULFATE_ADENYLYLTRANS_RXN_p_Night,0.0,0.0
SULFATE_ADENYLYLTRANS_RXN_p_Open,0.0,0.0
SULFITE_REDUCTASE_FERREDOXIN_RXN_p_Close,0.0,0.0
SULFITE_REDUCTASE_FERREDOXIN_RXN_p_Day,0.0,0.0
SULFITE_REDUCTASE_FERREDOXIN_RXN_p_Night,0.0,0.0
SULFITE_REDUCTASE_FERREDOXIN_RXN_p_Open,0.0,0.0
SUPEROX_DISMUT_RXN_c_Close,0.0,0.0
SUPEROX_DISMUT_RXN_c_Day,0.0,0.0
SUPEROX_DISMUT_RXN_c_Night,0.0,0.0
SUPEROX_DISMUT_RXN_c_Open,0.0,0.0
SUPEROX_DISMUT_RXN_p_Close,0.0,0.0
SUPEROX_DISMUT_RXN_p_Day,0.0,0.0
SUPEROX_DISMUT_RXN_p_Night,0.0,0.0
SUPEROX_DISMUT_RXN_p_Open,0.0,0.0
Starch_CloseNight_storage,1.8282087860138425,1000.0
Starch_DayClose_storage,1.808189428628846,999.9799806426272
Starch_NightOpen_storage,0.16448631896129398,998.3362775329505
Starch_OpenDay_storage,0.0,998.1717912139356
Starch_biomass_Close,0.0,0.0
Starch_biomass_Day,0.0,0.0
Starch_biomass_Night,0.0,0.0
Starch_biomass_Open,0.0,0.0
Sucrose_CloseNight_storage,0.0,0.0
Sucrose_DayClose_storage,0.0,0.0
Sucrose_NightOpen_storage,0.0,0.0
Sucrose_OpenDay_storage,0.0,0.0
Sucrose_ec_Close,0.0,0.0
Sucrose_ec_Day,0.72,0.72
Sucrose_ec_Night,0.0,0.0
Sucrose_ec_Open,0.0,0.0
Sucrose_tx_Close,0.0,0.0
Sucrose_tx_Day,0.72,0.72
Sucrose_tx_Night,0.0,0.0
Sucrose_tx_Open,0.0,0.0
THF_mc_Close,-1000.0000000000003,1000.0
THF_mc_Day,-1000.0000000000007,999.1163453711397
THF_mc_Night,-999.9999999995831,1000.0
THF_mc_Open,-1000.0,999.9447671656425
THF_pc_Close,-999.9999999999874,1000.0
THF_pc_Day,-1000.0000000000001,1000.0000000000023
THF_pc_Night,-1000.0,1000.0000000000938
THF_pc_Open,-1000.0,1000.0
THREDEHYD_RXN_p_Close,0.0,0.0
THREDEHYD_RXN_p_Day,0.0,0.0
THREDEHYD_RXN_p_Night,0.0,0.0
THREDEHYD_RXN_p_Open,0.0,0.0
THREONINE_ALDOLASE_RXN_c_Close,0.0,0.0
THREONINE_ALDOLASE_RXN_c_Day,0.0,0.0
THREONINE_ALDOLASE_RXN_c_Night,0.0,0.0
THREONINE_ALDOLASE_RXN_c_Open,0.0,0.0
THREONINE_TRNA_LIGASE_RXN_c_Close,0.0,0.0
THREONINE_TRNA_LIGASE_RXN_c_Day,0.0,0.0
THREONINE_TRNA_LIGASE_RXN_c_Night,0.0,0.0
THREONINE_TRNA_LIGASE_RXN_c_Open,0.0,0.0
THREO_DS_ISO_CITRATE_xc_Close,0.0,0.0
THREO_DS_ISO_CITRATE_xc_Day,0.0,0.0
THREO_DS_ISO_CITRATE_xc_Night,0.0,0.0
THREO_DS_ISO_CITRATE_xc_Open,0.0,0.0
THRESYN_RXN_p_Close,0.0,0.0
THRESYN_RXN_p_Day,0.0,0.0
THRESYN_RXN_p_Night,0.0,0.0
THRESYN_RXN_p_Open,0.0,0.0
THR_PROTON_rev_vc_Close,0.0,0.04572050557917131
THR_PROTON_rev_vc_Day,0.0,1.0023008861573588
THR_PROTON_rev_vc_Night,0.0,0.0
THR_PROTON_rev_vc_Open,0.0,0.0
THR_PROTON_vc_Close,0.0,0.04572050557917131
THR_PROTON_vc_Day,0.0,1.002300886189623
THR_PROTON_vc_Night,0.0,0.0
THR_PROTON_vc_Open,0.0,0.0
THR_pc_Close,0.0,0.0
THR_pc_Day,0.0,0.0
THR_pc_Night,0.0,0.0
THR_pc_Open,0.0,0.0
TRANSALDOL_RXN_p_Close,0.07142165376447944,0.16286266493700002
TRANSALDOL_RXN_p_Day,-1.1782061718156476,0.8263956004588866
TRANSALDOL_RXN_p_Night,1.43685122154574,1.4368512215473697
TRANSALDOL_RXN_p_Open,-0.07364377915019427,-0.07364377914474707
TRIOSEPISOMERIZATION_RXN_c_Close,-999.908558988835,1000.0
TRIOSEPISOMERIZATION_RXN_c_Day,-997.2753982276986,1000.0
TRIOSEPISOMERIZATION_RXN_c_Night,-1000.0,999.7731287545382
TRIOSEPISOMERIZATION_RXN_c_Open,-1000.0,999.982801239282
TRIOSEPISOMERIZATION_RXN_p_Close,-999.9085589888448,1000.0
TRIOSEPISOMERIZATION_RXN_p_Day,-997.2753982276687,1000.0
TRIOSEPISOMERIZATION_RXN_p_Night,-1000.0,999.7731287544835
TRIOSEPISOMERIZATION_RXN_p_Open,-1000.0,999.9828012392769
TRP_PROTON_rev_vc_Close,0.0,0.0457205055771599
TRP_PROTON_rev_vc_Day,0.0,1.0023008861552942
TRP_PROTON_rev_vc_Night,0.0,0.0
TRP_PROTON_rev_vc_Open,0.0,0.0
TRP_PROTON_vc_Close,0.0,0.0457205055771599
TRP_PROTON_vc_Day,0.0,1.0023008861553366
TRP_PROTON_vc_Night,0.0,0.0
TRP_PROTON_vc_Open,0.0,0.0
TRP_pc_Close,0.0,0.0
TRP_pc_Day,0.0,0.0
TRP_pc_Night,0.0,0.0
TRP_pc_Open,0.0,0.0
TYRAMINOTRANS_RXN_p_Close,0.0,0.0
TYRAMINOTRANS_RXN_p_Day,0.0,0.0
TYRAMINOTRANS_RXN_p_Night,0.0,0.0
TYRAMINOTRANS_RXN_p_Open,0.0,0.0
TYROSINE_TRNA_LIGASE_RXN_c_Close,0.0,0.0
TYROSINE_TRNA_LIGASE_RXN_c_Day,0.0,0.0
TYROSINE_TRNA_LIGASE_RXN_c_Night,0.0,0.0
TYROSINE_TRNA_LIGASE_RXN_c_Open,0.0,0.0
TYR_PROTON_rev_vc_Close,0.0,0.045720505585976845
TYR_PROTON_rev_vc_Day,0.0,1.002300886182683
TYR_PROTON_rev_vc_Night,0.0,0.0
TYR_PROTON_rev_vc_Open,0.0,0.0
TYR_PROTON_vc_Close,0.0,0.04572050557661607
TYR_PROTON_vc_Day,0.0,1.0023008861474365
TYR_PROTON_vc_Night,0.0,0.0
TYR_PROTON_vc_Open,0.0,0.0
TYR_pc_Close,0.0,0.0
TYR_pc_Day,0.0,0.0
TYR_pc_Night,0.0,0.0
TYR_pc_Open,0.0,0.0
UDPKIN_RXN_c_Close,0.0,0.0
UDPKIN_RXN_c_Day,-0.7199999999762811,-0.7199999999962776
UDPKIN_RXN_c_Night,0.0,0.0
UDPKIN_RXN_c_Open,0.0,0.0
UDP_GLUCURONATE_DECARBOXYLASE_RXN_c_Close,0.0,0.0
UDP_GLUCURONATE_DECARBOXYLASE_RXN_c_Day,0.0,0.0
UDP_GLUCURONATE_DECARBOXYLASE_RXN_c_Night,0.0,0.0
UDP_GLUCURONATE_DECARBOXYLASE_RXN_c_Open,0.0,0.0
UGD_RXN_c_Close,0.0,0.0
UGD_RXN_c_Day,0.0,0.0
UGD_RXN_c_Night,0.0,0.0
UGD_RXN_c_Open,0.0,0.0
VALINE_TRNA_LIGASE_RXN_c_Close,0.0,0.0
VALINE_TRNA_LIGASE_RXN_c_Day,0.0,0.0
VALINE_TRNA_LIGASE_RXN_c_Night,0.0,0.0
VALINE_TRNA_LIGASE_RXN_c_Open,0.0,0.0
VAL_PROTON_rev_vc_Close,0.0,0.04572050557901512
VAL_PROTON_rev_vc_Day,0.0,1.0023008861537286
VAL_PROTON_rev_vc_Night,0.0,0.0
VAL_PROTON_rev_vc_Open,0.0,0.0
VAL_PROTON_vc_Close,0.0,0.045720505578270496
VAL_PROTON_vc_Day,0.0,1.0023008861452354
VAL_PROTON_vc_Night,0.0,0.0
VAL_PROTON_vc_Open,0.0,0.0
VAL_pc_Close,0.0,0.0
VAL_pc_Day,0.0,0.0
VAL_pc_Night,0.0,0.0
VAL_pc_Open,0.0,0.0
WATER_vc_Close,0.0,0.0
WATER_vc_Day,0.0,0.0
WATER_vc_Night,0.0,0.0
WATER_vc_Open,0.0,0.0
X5P_Pi_pc_Close,-0.18676657946975136,-0.054996763742133276
X5P_Pi_pc_Day,0.0,0.0
X5P_Pi_pc_Night,-2.558603490990725,-2.558603490986524
X5P_Pi_pc_Open,0.0,0.0
Xylan_biomass_Close,0.0,0.0
Xylan_biomass_Day,0.0,0.0
Xylan_biomass_Night,0.0,0.0
Xylan_biomass_Open,0.0,0.0
pALA_biomass_Close,0.0,0.0
pALA_biomass_Day,0.0,0.0
pALA_biomass_Night,0.0,0.0
pALA_biomass_Open,0.0,0.0
pARG_biomass_Close,0.0,0.0
pARG_biomass_Day,0.0,0.0
pARG_biomass_Night,0.0,0.0
pARG_biomass_Open,0.0,0.0
pASN_biomass_Close,0.0,0.0
pASN_biomass_Day,0.0,0.0
pASN_biomass_Night,0.0,0.0
pASN_biomass_Open,0.0,0.0
pASP_biomass_Close,0.0,0.0
pASP_biomass_Day,0.0,0.0
pASP_biomass_Night,0.0,0.0
pASP_biomass_Open,0.0,0.0
pGLN_biomass_Close,0.0,0.0
pGLN_biomass_Day,0.0,0.0
pGLN_biomass_Night,0.0,0.0
pGLN_biomass_Open,0.0,0.0
pGLU_biomass_Close,0.0,0.0
pGLU_biomass_Day,0.0,0.0
pGLU_biomass_Night,0.0,0.0
pGLU_biomass_Open,0.0,0.0
pGLY_biomass_Close,0.0,0.0
pGLY_biomass_Day,0.0,0.0
pGLY_biomass_Night,0.0,0.0
pGLY_biomass_Open,0.0,0.0
pHIS_biomass_Close,0.0,0.0
pHIS_biomass_Day,0.0,0.0
pHIS_biomass_Night,0.0,0.0
pHIS_biomass_Open,0.0,0.0
pILE_biomass_Close,0.0,0.0
pILE_biomass_Day,0.0,0.0
pILE_biomass_Night,0.0,0.0
pILE_biomass_Open,0.0,0.0
pLEU_biomass_Close,0.0,0.0
pLEU_biomass_Day,0.0,0.0
pLEU_biomass_Night,0.0,0.0
pLEU_biomass_Open,0.0,0.0
pLYS_biomass_Close,0.0,0.0
pLYS_biomass_Day,0.0,0.0
pLYS_biomass_Night,0.0,0.0
pLYS_biomass_Open,0.0,0.0
pMET_biomass_Close,0.0,0.0
pMET_biomass_Day,0.0,0.0
pMET_biomass_Night,0.0,0.0
pMET_biomass_Open,0.0,0.0
pPHE_biomass_Close,0.0,0.0
pPHE_biomass_Day,0.0,0.0
pPHE_biomass_Night,0.0,0.0
pPHE_biomass_Open,0.0,0.0
pSER_biomass_Close,0.0,0.0
pSER_biomass_Day,0.0,0.0
pSER_biomass_Night,0.0,0.0
pSER_biomass_Open,0.0,0.0
pTHR_biomass_Close,0.0,0.0
pTHR_biomass_Day,0.0,0.0
pTHR_biomass_Night,0.0,0.0
pTHR_biomass_Open,0.0,0.0
pTYR_biomass_Close,0.0,0.0
pTYR_biomass_Day,0.0,0.0
pTYR_biomass_Night,0.0,0.0
pTYR_biomass_Open,0.0,0.0
pVAL_biomass_Close,0.0,0.0
pVAL_biomass_Day,0.0,0.0
pVAL_biomass_Night,0.0,0.0
pVAL_biomass_Open,0.0,0.0
sALA_biomass_Close,0.0,0.0
sALA_biomass_Day,0.0,0.0
sALA_biomass_Night,0.0,0.0
sALA_biomass_Open,0.0,0.0
sASP_biomass_Close,0.0,0.0
sASP_biomass_Day,0.0,0.0
sASP_biomass_Night,0.0,0.0
sASP_biomass_Open,0.0,0.0
sCIT_biomass_Close,0.0,0.0
sCIT_biomass_Day,0.0,0.0
sCIT_biomass_Night,0.0,0.0
sCIT_biomass_Open,0.0,0.0
sFUM_biomass_Close,0.0,0.0
sFUM_biomass_Day,0.0,0.0
sFUM_biomass_Night,0.0,0.0
sFUM_biomass_Open,0.0,0.0
sGABA_biomass_Close,0.0,0.0
sGABA_biomass_Day,0.0,0.0
sGABA_biomass_Night,0.0,0.0
sGABA_biomass_Open,0.0,0.0
sGLN_biomass_Close,0.0,0.0
sGLN_biomass_Day,0.0,0.0
sGLN_biomass_Night,0.0,0.0
sGLN_biomass_Open,0.0,0.0
sGLU_biomass_Close,0.0,0.0
sGLU_biomass_Day,0.0,0.0
sGLU_biomass_Night,0.0,0.0
sGLU_biomass_Open,0.0,0.0
sMAL_biomass_Close,0.0,0.0
sMAL_biomass_Day,0.0,0.0
sMAL_biomass_Night,0.0,0.0
sMAL_biomass_Open,0.0,0.0
sSUCROSE_biomass_Close,0.0,0.0
sSUCROSE_biomass_Day,0.0,0.0
sSUCROSE_biomass_Night,0.0,0.0
sSUCROSE_biomass_Open,0.0,0.0
sSUC_biomass_Close,0.0,0.0
sSUC_biomass_Day,0.0,0.0
sSUC_biomass_Night,0.0,0.0
sSUC_biomass_Open,0.0,0.0
unlProtHYPO_c_Close,0.0,0.0
unlProtHYPO_c_Day,0.0,0.0
unlProtHYPO_c_Night,0.0,0.0
unlProtHYPO_c_Open,0.0,0.0
"{'Cl_CloseNight_storage':-1,'Malate_CloseNight_storage':-2,'K_CloseNight_storage':1}_sum_reaction",0.0,0.0
"{'Cl_CloseNight_storage':1.8,'Malate_CloseNight_storage':2.4000000000000004,'Sucrose_CloseNight_storage':1}_sum_reaction",0.0,0.0
"{'Cl_DayClose_storage':-1,'Malate_DayClose_storage':-2,'K_DayClose_storage':1}_sum_reaction",0.0,0.0
"{'Cl_DayClose_storage':1.8,'Malate_DayClose_storage':2.4000000000000004,'Sucrose_DayClose_storage':1}_sum_reaction",0.9,0.9
"{'Cl_NightOpen_storage':-1,'Malate_NightOpen_storage':-2,'K_NightOpen_storage':1}_sum_reaction",0.0,0.0
"{'Cl_NightOpen_storage':1.8,'Malate_NightOpen_storage':2.4000000000000004,'Sucrose_NightOpen_storage':1}_sum_reaction",0.0,0.0
"{'Cl_OpenDay_storage':-1,'Malate_OpenDay_storage':-2,'K_OpenDay_storage':1}_sum_reaction",0.0,0.0
"{'Cl_OpenDay_storage':1.8,'Malate_OpenDay_storage':2.4000000000000004,'Sucrose_OpenDay_storage':1}_sum_reaction",0.9,0.9
